Season_Year,TEAM_NAME,Team_Health_Factor,Adjusted_Team_VORP
2000,Atlanta Hawks,1.0,3.5
2000,Boston Celtics,0.9230769230769231,9.2
2000,Brooklyn Nets,0.8461538461538461,8.5
2000,Charlotte Hornets,1.0,13.200000000000001
2000,Chicago Bulls,0.9285714285714286,-0.7000000000000002
2000,Cleveland Cavaliers,1.0,6.3
2000,Dallas Mavericks,0.9230769230769231,10.0
2000,Denver Nuggets,0.8,7.8999999999999995
2000,Detroit Pistons,1.0,11.799999999999999
2000,Golden State Warriors,0.7647058823529411,1.0999999999999999
2000,Houston Rockets,0.8571428571428571,8.0
2000,Indiana Pacers,0.9090909090909091,15.5
2000,LA Clippers,0.8571428571428571,-2.7
2000,Los Angeles Lakers,0.9166666666666666,20.0
2000,Memphis Grizzlies,0.8461538461538461,4.2
2000,Miami Heat,0.8461538461538461,11.5
2000,Milwaukee Bucks,0.9166666666666666,10.2
2000,Minnesota Timberwolves,1.0,13.6
2000,New York Knicks,0.9090909090909091,12.4
2000,Oklahoma City Thunder,0.8333333333333334,12.4
2000,Orlando Magic,1.0,10.0
2000,Philadelphia 76ers,0.9,7.6
2000,Phoenix Suns,0.7692307692307693,10.600000000000001
2000,Portland Trail Blazers,1.0,18.3
2000,Sacramento Kings,1.0,14.0
2000,San Antonio Spurs,0.9166666666666666,16.9
2000,Toronto Raptors,1.0,9.9
2000,Utah Jazz,1.0,15.6
2000,Washington Wizards,0.8333333333333334,3.8
2001,Atlanta Hawks,1.0,2.6
2001,Boston Celtics,0.7857142857142857,8.2
2001,Brooklyn Nets,1.0,4.5
2001,Charlotte Hornets,0.9166666666666666,12.2
2001,Chicago Bulls,0.7857142857142857,0.8
2001,Cleveland Cavaliers,0.7857142857142857,5.8
2001,Dallas Mavericks,0.8181818181818182,16.0
2001,Denver Nuggets,1.0,8.7
2001,Detroit Pistons,0.8333333333333334,8.9
2001,Golden State Warriors,0.8571428571428571,1.0999999999999999
2001,Houston Rockets,0.9090909090909091,14.200000000000001
2001,Indiana Pacers,1.0,9.8
2001,LA Clippers,1.0,7.0
2001,Los Angeles Lakers,0.7857142857142857,14.6
2001,Memphis Grizzlies,1.0,4.3
2001,Miami Heat,0.9166666666666666,9.5
2001,Milwaukee Bucks,0.9166666666666666,11.9
2001,Minnesota Timberwolves,1.0,12.4
2001,New York Knicks,0.9090909090909091,13.4
2001,Oklahoma City Thunder,0.9090909090909091,11.200000000000001
2001,Orlando Magic,1.0,10.6
2001,Philadelphia 76ers,0.9166666666666666,12.1
2001,Phoenix Suns,1.0,13.4
2001,Portland Trail Blazers,0.75,14.2
2001,Sacramento Kings,1.0,17.4
2001,San Antonio Spurs,1.0,20.1
2001,Toronto Raptors,1.0,11.5
2001,Utah Jazz,0.9230769230769231,16.2
2001,Washington Wizards,0.9230769230769231,5.551115123125783e-17
2002,Atlanta Hawks,0.9230769230769231,5.2
2002,Boston Celtics,1.0,11.899999999999999
2002,Brooklyn Nets,0.9090909090909091,13.9
2002,Charlotte Hornets,0.9166666666666666,11.3
2002,Chicago Bulls,0.9166666666666666,-1.5
2002,Cleveland Cavaliers,0.9230769230769231,6.4
2002,Dallas Mavericks,0.9230769230769231,15.0
2002,Denver Nuggets,0.8666666666666667,-0.5999999999999999
2002,Detroit Pistons,1.0,12.299999999999999
2002,Golden State Warriors,0.9090909090909091,4.7
2002,Houston Rockets,0.8571428571428571,4.6
2002,Indiana Pacers,0.9,8.9
2002,LA Clippers,0.8181818181818182,10.299999999999999
2002,Los Angeles Lakers,1.0,18.7
2002,Memphis Grizzlies,0.8461538461538461,2.3
2002,Miami Heat,0.75,7.7
2002,Milwaukee Bucks,0.7692307692307693,8.700000000000001
2002,Minnesota Timberwolves,0.8571428571428571,13.4
2002,New York Knicks,0.9090909090909091,4.8999999999999995
2002,Oklahoma City Thunder,0.8333333333333334,15.1
2002,Orlando Magic,0.8461538461538461,11.4
2002,Philadelphia 76ers,0.8181818181818182,6.5
2002,Phoenix Suns,0.9166666666666666,8.1
2002,Portland Trail Blazers,0.9090909090909091,14.4
2002,Sacramento Kings,1.0,19.3
2002,San Antonio Spurs,1.0,18.0
2002,Toronto Raptors,0.9166666666666666,8.9
2002,Utah Jazz,0.8571428571428571,12.3
2002,Washington Wizards,0.8571428571428571,4.9
2003,Atlanta Hawks,0.9166666666666666,5.9
2003,Boston Celtics,1.0,9.6
2003,Brooklyn Nets,1.0,15.5
2003,Chicago Bulls,0.75,1.3
2003,Cleveland Cavaliers,1.0,-1.3
2003,Dallas Mavericks,1.0,20.5
2003,Denver Nuggets,0.9166666666666666,0.20000000000000023
2003,Detroit Pistons,1.0,13.4
2003,Golden State Warriors,1.0,9.9
2003,Houston Rockets,0.9090909090909091,13.0
2003,Indiana Pacers,1.0,13.5
2003,LA Clippers,0.8,6.2
2003,Los Angeles Lakers,1.0,13.7
2003,Memphis Grizzlies,0.8,8.799999999999999
2003,Miami Heat,0.9166666666666666,0.9000000000000002
2003,Milwaukee Bucks,1.0,8.0
2003,Minnesota Timberwolves,1.0,13.299999999999999
2003,New Orleans Pelicans,1.0,11.9
2003,New York Knicks,0.9090909090909091,8.7
2003,Oklahoma City Thunder,0.8181818181818182,7.6000000000000005
2003,Orlando Magic,0.9230769230769231,8.5
2003,Philadelphia 76ers,0.9166666666666666,12.7
2003,Phoenix Suns,0.9230769230769231,12.5
2003,Portland Trail Blazers,1.0,13.7
2003,Sacramento Kings,0.9166666666666666,18.1
2003,San Antonio Spurs,1.0,17.1
2003,Toronto Raptors,1.0,2.9000000000000004
2003,Utah Jazz,0.9230769230769231,14.3
2003,Washington Wizards,0.8461538461538461,8.4
2004,Atlanta Hawks,0.9,1.8
2004,Boston Celtics,0.7272727272727273,2.7
2004,Brooklyn Nets,1.0,12.4
2004,Chicago Bulls,0.7857142857142857,2.5
2004,Cleveland Cavaliers,0.9230769230769231,6.6
2004,Dallas Mavericks,0.8461538461538461,15.3
2004,Denver Nuggets,0.7692307692307693,7.5
2004,Detroit Pistons,0.8333333333333334,12.299999999999999
2004,Golden State Warriors,0.9166666666666666,10.0
2004,Houston Rockets,0.9090909090909091,12.6
2004,Indiana Pacers,1.0,16.4
2004,LA Clippers,1.0,5.2
2004,Los Angeles Lakers,0.9230769230769231,15.1
2004,Memphis Grizzlies,0.8181818181818182,14.6
2004,Miami Heat,0.9166666666666666,10.4
2004,Milwaukee Bucks,0.9230769230769231,10.4
2004,Minnesota Timberwolves,0.9230769230769231,17.7
2004,New Orleans Pelicans,0.8181818181818182,9.7
2004,New York Knicks,0.8571428571428571,4.5
2004,Oklahoma City Thunder,1.0,10.1
2004,Orlando Magic,0.75,-3.5
2004,Philadelphia 76ers,0.8571428571428571,6.6000000000000005
2004,Phoenix Suns,1.0,4.8999999999999995
2004,Portland Trail Blazers,0.9,7.5
2004,Sacramento Kings,0.9090909090909091,17.4
2004,San Antonio Spurs,0.9230769230769231,19.599999999999998
2004,Toronto Raptors,0.7692307692307693,6.5
2004,Utah Jazz,0.9285714285714286,9.1
2004,Washington Wizards,0.9166666666666666,1.7000000000000002
2005,Atlanta Hawks,0.7692307692307693,-1.0
2005,Boston Celtics,1.0,10.4
2005,Brooklyn Nets,0.9285714285714286,7.8999999999999995
2005,Charlotte Hornets,0.8571428571428571,2.8000000000000003
2005,Chicago Bulls,0.9166666666666666,9.9
2005,Cleveland Cavaliers,1.0,11.299999999999999
2005,Dallas Mavericks,1.0,17.8
2005,Denver Nuggets,1.0,12.0
2005,Detroit Pistons,0.9230769230769231,14.8
2005,Golden State Warriors,1.0,7.0
2005,Houston Rockets,0.8333333333333334,16.1
2005,Indiana Pacers,0.8571428571428571,10.4
2005,LA Clippers,0.9166666666666666,6.9
2005,Los Angeles Lakers,0.8461538461538461,6.1000000000000005
2005,Memphis Grizzlies,0.8461538461538461,13.6
2005,Miami Heat,0.9,12.1
2005,Milwaukee Bucks,1.0,5.1
2005,Minnesota Timberwolves,0.9230769230769231,12.6
2005,New Orleans Pelicans,0.9333333333333333,1.8
2005,New York Knicks,0.7272727272727273,8.1
2005,Oklahoma City Thunder,0.9166666666666666,13.5
2005,Orlando Magic,0.8333333333333334,4.5
2005,Philadelphia 76ers,1.0,9.4
2005,Phoenix Suns,1.0,18.8
2005,Portland Trail Blazers,0.8461538461538461,4.9
2005,Sacramento Kings,0.7857142857142857,7.7
2005,San Antonio Spurs,0.9166666666666666,18.7
2005,Toronto Raptors,0.8333333333333334,5.2
2005,Utah Jazz,0.8571428571428571,0.4999999999999999
2005,Washington Wizards,0.8461538461538461,10.0
2006,Atlanta Hawks,0.9090909090909091,4.2
2006,Boston Celtics,0.9090909090909091,8.9
2006,Brooklyn Nets,0.9166666666666666,12.0
2006,Charlotte Hornets,0.7857142857142857,5.4
2006,Chicago Bulls,0.9090909090909091,10.4
2006,Cleveland Cavaliers,0.8461538461538461,4.1
2006,Dallas Mavericks,0.8333333333333334,17.400000000000002
2006,Denver Nuggets,0.9230769230769231,9.5
2006,Detroit Pistons,0.9,18.5
2006,Golden State Warriors,0.9166666666666666,6.5
2006,Houston Rockets,0.9166666666666666,5.1000000000000005
2006,Indiana Pacers,0.8333333333333334,10.0
2006,LA Clippers,0.75,3.9
2006,Los Angeles Lakers,0.8181818181818182,14.0
2006,Memphis Grizzlies,0.8461538461538461,14.3
2006,Miami Heat,0.7692307692307693,11.1
2006,Milwaukee Bucks,1.0,9.0
2006,Minnesota Timberwolves,0.7692307692307693,7.1000000000000005
2006,New Orleans Pelicans,0.7857142857142857,8.0
2006,New York Knicks,0.8571428571428571,2.2
2006,Oklahoma City Thunder,0.8181818181818182,7.1000000000000005
2006,Orlando Magic,0.8461538461538461,6.9
2006,Philadelphia 76ers,0.8181818181818182,8.9
2006,Phoenix Suns,0.8,17.6
2006,Portland Trail Blazers,0.8333333333333334,-1.6
2006,Sacramento Kings,1.0,11.2
2006,San Antonio Spurs,0.9166666666666666,16.8
2006,Toronto Raptors,0.9230769230769231,3.6999999999999997
2006,Utah Jazz,0.8333333333333334,7.8999999999999995
2006,Washington Wizards,0.6363636363636364,9.7
2007,Atlanta Hawks,0.7692307692307693,0.20000000000000012
2007,Boston Celtics,0.7692307692307693,2.0
2007,Brooklyn Nets,0.9230769230769231,8.1
2007,Charlotte Hornets,0.6923076923076923,6.6
2007,Chicago Bulls,0.9166666666666666,15.4
2007,Cleveland Cavaliers,0.9090909090909091,14.5
2007,Dallas Mavericks,0.9,19.0
2007,Denver Nuggets,0.6363636363636364,3.8000000000000003
2007,Detroit Pistons,0.75,13.9
2007,Golden State Warriors,0.9166666666666666,9.1
2007,Houston Rockets,1.0,16.3
2007,Indiana Pacers,0.8571428571428571,6.7
2007,LA Clippers,0.8333333333333334,7.8
2007,Los Angeles Lakers,0.8461538461538461,10.2
2007,Memphis Grizzlies,0.8461538461538461,4.199999999999999
2007,Miami Heat,0.8461538461538461,9.1
2007,Milwaukee Bucks,0.8333333333333334,4.6
2007,Minnesota Timberwolves,0.9166666666666666,0.7
2007,New Orleans Pelicans,0.8461538461538461,8.5
2007,New York Knicks,0.6923076923076923,2.3000000000000003
2007,Oklahoma City Thunder,0.8181818181818182,3.8
2007,Orlando Magic,0.8571428571428571,10.700000000000001
2007,Philadelphia 76ers,0.75,6.6
2007,Phoenix Suns,1.0,19.0
2007,Portland Trail Blazers,0.8461538461538461,3.8
2007,Sacramento Kings,0.9166666666666666,9.1
2007,San Antonio Spurs,0.9166666666666666,20.8
2007,Toronto Raptors,0.8181818181818182,9.700000000000001
2007,Utah Jazz,0.9166666666666666,11.2
2007,Washington Wizards,0.7857142857142857,1.4000000000000004
2008,Atlanta Hawks,1.0,8.0
2008,Boston Celtics,0.8333333333333334,15.3
2008,Brooklyn Nets,0.9090909090909091,3.8999999999999995
2008,Charlotte Hornets,1.0,5.1
2008,Chicago Bulls,0.9090909090909091,5.5
2008,Cleveland Cavaliers,0.9230769230769231,11.200000000000001
2008,Dallas Mavericks,0.8333333333333334,14.6
2008,Denver Nuggets,1.0,14.5
2008,Detroit Pistons,1.0,18.1
2008,Golden State Warriors,0.9090909090909091,13.1
2008,Houston Rockets,0.8333333333333334,11.2
2008,Indiana Pacers,0.7857142857142857,7.5
2008,LA Clippers,0.9285714285714286,0.49999999999999967
2008,Los Angeles Lakers,0.75,10.3
2008,Memphis Grizzlies,0.9166666666666666,-0.5
2008,Miami Heat,0.8235294117647058,-3.1999999999999997
2008,Milwaukee Bucks,0.8571428571428571,2.4999999999999996
2008,Minnesota Timberwolves,0.8461538461538461,3.1
2008,New Orleans Pelicans,0.9166666666666666,16.400000000000002
2008,New York Knicks,0.8461538461538461,2.5999999999999996
2008,Oklahoma City Thunder,1.0,-0.7999999999999998
2008,Orlando Magic,0.9166666666666666,16.0
2008,Philadelphia 76ers,0.9,10.3
2008,Phoenix Suns,1.0,13.5
2008,Portland Trail Blazers,0.9090909090909091,9.3
2008,Sacramento Kings,0.9166666666666666,6.0
2008,San Antonio Spurs,0.8461538461538461,13.9
2008,Toronto Raptors,1.0,13.8
2008,Utah Jazz,0.9166666666666666,18.2
2008,Washington Wizards,1.0,9.1
2009,Atlanta Hawks,0.7272727272727273,7.1
2009,Boston Celtics,0.7692307692307693,16.3
2009,Brooklyn Nets,0.9230769230769231,4.0
2009,Charlotte Hornets,0.9166666666666666,8.5
2009,Chicago Bulls,0.9090909090909091,8.5
2009,Cleveland Cavaliers,0.7692307692307693,19.3
2009,Dallas Mavericks,0.6666666666666666,13.1
2009,Denver Nuggets,1.0,13.8
2009,Detroit Pistons,0.8333333333333334,7.5
2009,Golden State Warriors,0.9230769230769231,5.199999999999999
2009,Houston Rockets,0.9090909090909091,12.799999999999999
2009,Indiana Pacers,0.8461538461538461,9.399999999999999
2009,LA Clippers,0.8,1.3
2009,Los Angeles Lakers,1.0,18.2
2009,Memphis Grizzlies,1.0,2.7
2009,Miami Heat,0.8333333333333334,9.799999999999999
2009,Milwaukee Bucks,0.8461538461538461,6.2
2009,Minnesota Timberwolves,0.7692307692307693,1.5
2009,New Orleans Pelicans,0.9230769230769231,12.5
2009,New York Knicks,1.0,7.1
2009,Oklahoma City Thunder,0.7692307692307693,3.4
2009,Orlando Magic,0.8181818181818182,11.1
2009,Philadelphia 76ers,0.9090909090909091,9.9
2009,Phoenix Suns,0.9166666666666666,10.3
2009,Portland Trail Blazers,1.0,16.3
2009,Sacramento Kings,0.8888888888888888,-2.1
2009,San Antonio Spurs,1.0,14.700000000000001
2009,Toronto Raptors,0.9,6.2
2009,Utah Jazz,0.7692307692307693,13.0
2009,Washington Wizards,0.7692307692307693,3.0
2010,Atlanta Hawks,0.9,13.1
2010,Boston Celtics,0.9230769230769231,14.2
2010,Brooklyn Nets,0.6666666666666666,0.2999999999999999
2010,Charlotte Hornets,0.8571428571428571,11.1
2010,Chicago Bulls,1.0,7.1000000000000005
2010,Cleveland Cavaliers,0.75,7.8
2010,Dallas Mavericks,1.0,14.200000000000001
2010,Denver Nuggets,0.9166666666666666,15.0
2010,Detroit Pistons,0.8571428571428571,4.0
2010,Golden State Warriors,0.9285714285714286,5.9
2010,Houston Rockets,0.9166666666666666,9.2
2010,Indiana Pacers,0.8571428571428571,6.3999999999999995
2010,LA Clippers,0.9166666666666666,-0.4
2010,Los Angeles Lakers,0.9166666666666666,14.0
2010,Memphis Grizzlies,0.9090909090909091,9.0
2010,Miami Heat,0.6923076923076923,3.8
2010,Milwaukee Bucks,0.8333333333333334,8.5
2010,Minnesota Timberwolves,0.8571428571428571,-1.6653345369377348e-16
2010,New Orleans Pelicans,1.0,7.8
2010,New York Knicks,0.7272727272727273,5.3
2010,Oklahoma City Thunder,1.0,14.3
2010,Orlando Magic,0.9166666666666666,17.2
2010,Philadelphia 76ers,0.9166666666666666,4.8
2010,Phoenix Suns,0.9166666666666666,15.5
2010,Portland Trail Blazers,0.7692307692307693,8.7
2010,Sacramento Kings,0.8461538461538461,4.2
2010,San Antonio Spurs,0.9090909090909091,16.0
2010,Toronto Raptors,0.8333333333333334,5.199999999999999
2010,Utah Jazz,1.0,15.0
2010,Washington Wizards,0.8333333333333334,1.6
2011,Atlanta Hawks,0.7272727272727273,9.3
2011,Boston Celtics,0.6666666666666666,8.7
2011,Brooklyn Nets,0.75,0.7999999999999998
2011,Charlotte Hornets,0.8333333333333334,3.7
2011,Chicago Bulls,1.0,18.5
2011,Cleveland Cavaliers,0.8666666666666667,-1.0
2011,Dallas Mavericks,0.9230769230769231,14.7
2011,Denver Nuggets,1.0,12.1
2011,Detroit Pistons,0.9166666666666666,4.8
2011,Golden State Warriors,0.9166666666666666,8.6
2011,Houston Rockets,0.9,11.4
2011,Indiana Pacers,0.8571428571428571,5.9
2011,LA Clippers,0.8461538461538461,6.1000000000000005
2011,Los Angeles Lakers,0.8,15.200000000000001
2011,Memphis Grizzlies,0.8181818181818182,11.8
2011,Miami Heat,0.8461538461538461,18.3
2011,Milwaukee Bucks,0.8461538461538461,6.9
2011,Minnesota Timberwolves,0.9230769230769231,-0.7
2011,New Orleans Pelicans,0.9166666666666666,8.7
2011,New York Knicks,0.8181818181818182,6.8999999999999995
2011,Oklahoma City Thunder,0.9,15.1
2011,Orlando Magic,0.9090909090909091,12.3
2011,Philadelphia 76ers,0.8181818181818182,6.6
2011,Phoenix Suns,1.0,9.299999999999999
2011,Portland Trail Blazers,0.9,12.2
2011,Sacramento Kings,1.0,4.2
2011,San Antonio Spurs,0.8333333333333334,16.7
2011,Toronto Raptors,0.7857142857142857,2.9000000000000004
2011,Utah Jazz,0.8461538461538461,3.6999999999999997
2011,Washington Wizards,0.5384615384615384,0.3
2012,Atlanta Hawks,0.8571428571428571,9.5
2012,Boston Celtics,0.8666666666666667,8.1
2012,Brooklyn Nets,0.8571428571428571,3.2
2012,Charlotte Hornets,0.9285714285714286,-5.4
2012,Chicago Bulls,0.9166666666666666,13.5
2012,Cleveland Cavaliers,0.6923076923076923,2.0
2012,Dallas Mavericks,0.7692307692307693,9.3
2012,Denver Nuggets,0.9230769230769231,9.5
2012,Detroit Pistons,0.9166666666666666,2.8
2012,Golden State Warriors,0.8181818181818182,4.3999999999999995
2012,Houston Rockets,0.8,8.9
2012,Indiana Pacers,0.9166666666666666,8.2
2012,LA Clippers,0.9230769230769231,10.9
2012,Los Angeles Lakers,0.9166666666666666,9.1
2012,Memphis Grizzlies,1.0,10.8
2012,Miami Heat,0.9166666666666666,14.5
2012,Milwaukee Bucks,0.7142857142857143,8.0
2012,Minnesota Timberwolves,0.8461538461538461,4.9
2012,New Orleans Pelicans,0.7692307692307693,2.4
2012,New York Knicks,0.7142857142857143,8.700000000000001
2012,Oklahoma City Thunder,0.75,12.0
2012,Orlando Magic,0.8181818181818182,6.4
2012,Philadelphia 76ers,0.9090909090909091,10.4
2012,Phoenix Suns,1.0,8.5
2012,Portland Trail Blazers,1.0,6.0
2012,Sacramento Kings,0.8333333333333334,3.8
2012,San Antonio Spurs,0.7857142857142857,9.6
2012,Toronto Raptors,0.7857142857142857,2.4
2012,Utah Jazz,0.8461538461538461,8.4
2012,Washington Wizards,0.8571428571428571,2.7
2013,Atlanta Hawks,0.8666666666666667,8.8
2013,Boston Celtics,0.7692307692307693,8.3
2013,Brooklyn Nets,0.75,6.800000000000001
2013,Charlotte Hornets,0.8666666666666667,-1.942890293094024e-16
2013,Chicago Bulls,1.0,10.2
2013,Cleveland Cavaliers,0.9285714285714286,4.4
2013,Dallas Mavericks,0.9285714285714286,10.8
2013,Denver Nuggets,0.9230769230769231,13.6
2013,Detroit Pistons,0.9230769230769231,4.9
2013,Golden State Warriors,1.0,12.1
2013,Houston Rockets,1.0,13.9
2013,Indiana Pacers,1.0,14.0
2013,LA Clippers,0.9230769230769231,17.8
2013,Los Angeles Lakers,0.8333333333333334,7.7
2013,Memphis Grizzlies,1.0,14.7
2013,Miami Heat,0.8333333333333334,18.2
2013,Milwaukee Bucks,0.9090909090909091,7.1000000000000005
2013,Minnesota Timberwolves,0.8461538461538461,7.5
2013,New Orleans Pelicans,0.8461538461538461,8.0
2013,New York Knicks,0.7333333333333333,10.4
2013,Oklahoma City Thunder,0.75,19.7
2013,Orlando Magic,0.8333333333333334,1.1
2013,Philadelphia 76ers,0.9166666666666666,6.3
2013,Phoenix Suns,0.8333333333333334,3.1
2013,Portland Trail Blazers,0.8666666666666667,1.7999999999999996
2013,Sacramento Kings,1.0,5.5
2013,San Antonio Spurs,0.9285714285714286,17.0
2013,Toronto Raptors,0.9285714285714286,5.8
2013,Utah Jazz,0.9166666666666666,10.6
2013,Washington Wizards,0.9230769230769231,5.7
2014,Atlanta Hawks,0.9166666666666666,8.1
2014,Boston Celtics,0.9166666666666666,2.8000000000000003
2014,Brooklyn Nets,0.7857142857142857,7.3999999999999995
2014,Charlotte Hornets,0.9230769230769231,8.7
2014,Chicago Bulls,0.9,11.4
2014,Cleveland Cavaliers,1.0,6.0
2014,Dallas Mavericks,0.9230769230769231,14.5
2014,Denver Nuggets,1.0,7.2
2014,Detroit Pistons,0.8181818181818182,5.8
2014,Golden State Warriors,0.8181818181818182,12.4
2014,Houston Rockets,0.9166666666666666,15.299999999999999
2014,Indiana Pacers,1.0,14.2
2014,LA Clippers,1.0,19.0
2014,Los Angeles Lakers,0.9285714285714286,4.3999999999999995
2014,Memphis Grizzlies,0.9230769230769231,13.0
2014,Miami Heat,0.7692307692307693,5.6000000000000005
2014,Milwaukee Bucks,0.8461538461538461,0.40000000000000013
2014,Minnesota Timberwolves,0.9285714285714286,13.8
2014,New Orleans Pelicans,0.8,7.2
2014,New York Knicks,0.8571428571428571,8.6
2014,Oklahoma City Thunder,0.9230769230769231,15.6
2014,Orlando Magic,1.0,3.1
2014,Philadelphia 76ers,1.0,-0.9999999999999999
2014,Phoenix Suns,0.9166666666666666,13.9
2014,Portland Trail Blazers,1.0,15.4
2014,Sacramento Kings,0.9090909090909091,7.7
2014,San Antonio Spurs,0.8461538461538461,13.899999999999999
2014,Toronto Raptors,0.9166666666666666,12.9
2014,Utah Jazz,0.9166666666666666,1.4
2014,Washington Wizards,0.9285714285714286,11.1
2015,Atlanta Hawks,0.8571428571428571,14.8
2015,Boston Celtics,0.8461538461538461,6.8
2015,Brooklyn Nets,0.9285714285714286,6.0
2015,Charlotte Hornets,0.8571428571428571,4.7
2015,Chicago Bulls,0.9166666666666666,11.700000000000001
2015,Cleveland Cavaliers,0.9230769230769231,10.3
2015,Dallas Mavericks,0.9230769230769231,11.5
2015,Denver Nuggets,0.9230769230769231,5.7
2015,Detroit Pistons,0.8333333333333334,5.6
2015,Golden State Warriors,0.8461538461538461,20.0
2015,Houston Rockets,0.9230769230769231,14.1
2015,Indiana Pacers,0.9230769230769231,9.9
2015,LA Clippers,0.9090909090909091,18.5
2015,Los Angeles Lakers,0.8571428571428571,2.5
2015,Memphis Grizzlies,0.8181818181818182,10.0
2015,Miami Heat,0.7333333333333333,6.2
2015,Milwaukee Bucks,0.7857142857142857,7.5
2015,Minnesota Timberwolves,0.8571428571428571,-1.4000000000000001
2015,New Orleans Pelicans,0.8571428571428571,12.1
2015,New York Knicks,0.8666666666666667,-4.0
2015,Oklahoma City Thunder,0.8666666666666667,8.8
2015,Orlando Magic,0.9285714285714286,3.7
2015,Philadelphia 76ers,0.9230769230769231,0.6000000000000001
2015,Phoenix Suns,0.9,8.2
2015,Portland Trail Blazers,0.7692307692307693,12.9
2015,Sacramento Kings,0.8461538461538461,1.7999999999999996
2015,San Antonio Spurs,0.8571428571428571,16.7
2015,Toronto Raptors,1.0,13.2
2015,Utah Jazz,0.8181818181818182,6.6
2015,Washington Wizards,1.0,10.7
2016,Atlanta Hawks,0.8461538461538461,14.2
2016,Boston Celtics,1.0,13.0
2016,Brooklyn Nets,0.8125,-2.0
2016,Charlotte Hornets,0.9166666666666666,10.9
2016,Chicago Bulls,0.9285714285714286,8.4
2016,Cleveland Cavaliers,0.8333333333333334,16.7
2016,Dallas Mavericks,0.8666666666666667,8.5
2016,Denver Nuggets,0.9333333333333333,4.8
2016,Detroit Pistons,0.9090909090909091,6.8
2016,Golden State Warriors,0.9230769230769231,21.8
2016,Houston Rockets,0.9166666666666666,10.799999999999999
2016,Indiana Pacers,0.8333333333333334,9.4
2016,LA Clippers,0.8333333333333334,12.2
2016,Los Angeles Lakers,0.8666666666666667,0.19999999999999996
2016,Memphis Grizzlies,0.9285714285714286,5.1000000000000005
2016,Miami Heat,0.7857142857142857,8.0
2016,Milwaukee Bucks,0.7692307692307693,6.0
2016,Minnesota Timberwolves,0.9166666666666666,6.2
2016,New Orleans Pelicans,0.7647058823529411,1.2999999999999998
2016,New York Knicks,0.9166666666666666,7.6
2016,Oklahoma City Thunder,0.8333333333333334,17.8
2016,Orlando Magic,0.9230769230769231,4.5
2016,Philadelphia 76ers,0.9166666666666666,0.10000000000000009
2016,Phoenix Suns,0.8333333333333334,1.7
2016,Portland Trail Blazers,0.9,11.799999999999999
2016,Sacramento Kings,0.75,4.0
2016,San Antonio Spurs,0.9285714285714286,19.9
2016,Toronto Raptors,0.9166666666666666,14.8
2016,Utah Jazz,0.9230769230769231,10.7
2016,Washington Wizards,0.75,4.9
2017,Atlanta Hawks,0.8461538461538461,5.8999999999999995
2017,Boston Celtics,1.0,12.8
2017,Brooklyn Nets,0.8666666666666667,3.1999999999999997
2017,Charlotte Hornets,0.8,9.8
2017,Chicago Bulls,0.9166666666666666,10.3
2017,Cleveland Cavaliers,0.8571428571428571,6.8999999999999995
2017,Dallas Mavericks,0.8333333333333334,5.0
2017,Denver Nuggets,0.75,9.2
2017,Detroit Pistons,0.9230769230769231,8.2
2017,Golden State Warriors,0.8571428571428571,22.3
2017,Houston Rockets,0.9,16.7
2017,Indiana Pacers,0.9166666666666666,9.4
2017,LA Clippers,0.9230769230769231,15.5
2017,Los Angeles Lakers,0.9285714285714286,0.4
2017,Memphis Grizzlies,0.7857142857142857,11.5
2017,Miami Heat,0.9230769230769231,11.4
2017,Milwaukee Bucks,0.9230769230769231,8.8
2017,Minnesota Timberwolves,0.9090909090909091,8.700000000000001
2017,New Orleans Pelicans,1.0,7.7
2017,New York Knicks,0.8461538461538461,5.8
2017,Oklahoma City Thunder,0.8333333333333334,11.0
2017,Orlando Magic,0.9166666666666666,2.1
2017,Philadelphia 76ers,0.9090909090909091,0.10000000000000006
2017,Phoenix Suns,0.8461538461538461,3.4
2017,Portland Trail Blazers,0.9166666666666666,8.7
2017,Sacramento Kings,0.8571428571428571,0.19999999999999996
2017,San Antonio Spurs,0.8571428571428571,18.9
2017,Toronto Raptors,0.7857142857142857,10.3
2017,Utah Jazz,0.9285714285714286,14.8
2017,Washington Wizards,0.8571428571428571,8.5
2018,Atlanta Hawks,0.6923076923076923,1.2000000000000002
2018,Boston Celtics,0.6923076923076923,7.9
2018,Brooklyn Nets,0.8461538461538461,3.8
2018,Charlotte Hornets,0.7857142857142857,9.9
2018,Chicago Bulls,0.6,1.5999999999999999
2018,Cleveland Cavaliers,0.9230769230769231,11.299999999999999
2018,Dallas Mavericks,0.6153846153846154,2.7
2018,Denver Nuggets,0.7692307692307693,11.6
2018,Detroit Pistons,0.7692307692307693,3.5
2018,Golden State Warriors,0.8666666666666667,13.2
2018,Houston Rockets,0.8333333333333334,18.4
2018,Indiana Pacers,0.9230769230769231,10.2
2018,LA Clippers,0.8,8.5
2018,Los Angeles Lakers,0.7272727272727273,4.3999999999999995
2018,Memphis Grizzlies,0.6666666666666666,-1.0
2018,Miami Heat,0.8461538461538461,11.5
2018,Milwaukee Bucks,1.0,9.700000000000001
2018,Minnesota Timberwolves,1.0,13.5
2018,New Orleans Pelicans,0.9090909090909091,9.600000000000001
2018,New York Knicks,0.6,3.9
2018,Oklahoma City Thunder,0.9166666666666666,13.5
2018,Orlando Magic,0.8125,2.8000000000000003
2018,Philadelphia 76ers,0.9285714285714286,12.6
2018,Phoenix Suns,0.7142857142857143,-2.6
2018,Portland Trail Blazers,0.9090909090909091,12.1
2018,Sacramento Kings,0.8333333333333334,2.2
2018,San Antonio Spurs,0.9230769230769231,12.8
2018,Toronto Raptors,0.9166666666666666,16.6
2018,Utah Jazz,0.9166666666666666,13.7
2018,Washington Wizards,0.9166666666666666,10.9
2019,Atlanta Hawks,0.7692307692307693,2.2
2019,Boston Celtics,0.9285714285714286,13.2
2019,Brooklyn Nets,0.8461538461538461,9.7
2019,Charlotte Hornets,0.8571428571428571,7.300000000000001
2019,Chicago Bulls,0.5384615384615384,-2.2
2019,Cleveland Cavaliers,0.7857142857142857,-2.8
2019,Dallas Mavericks,0.7857142857142857,6.1
2019,Denver Nuggets,1.0,15.3
2019,Detroit Pistons,0.9230769230769231,4.2
2019,Golden State Warriors,0.8571428571428571,16.0
2019,Houston Rockets,1.0,16.4
2019,Indiana Pacers,0.9230769230769231,12.100000000000001
2019,LA Clippers,1.0,9.9
2019,Los Angeles Lakers,0.625,2.4
2019,Memphis Grizzlies,0.6666666666666666,4.1
2019,Miami Heat,0.9090909090909091,7.7
2019,Milwaukee Bucks,0.9230769230769231,18.2
2019,Minnesota Timberwolves,0.6,1.2
2019,New Orleans Pelicans,0.8333333333333334,5.5
2019,New York Knicks,0.5714285714285714,0.10000000000000003
2019,Oklahoma City Thunder,1.0,14.3
2019,Orlando Magic,0.8333333333333334,10.6
2019,Philadelphia 76ers,0.9285714285714286,12.3
2019,Phoenix Suns,0.6923076923076923,-1.0
2019,Portland Trail Blazers,1.0,15.7
2019,Sacramento Kings,0.8461538461538461,9.5
2019,San Antonio Spurs,0.8181818181818182,9.700000000000001
2019,Toronto Raptors,0.8181818181818182,15.200000000000001
2019,Utah Jazz,1.0,15.7
2019,Washington Wizards,0.7692307692307693,5.4
2020,Atlanta Hawks,0.8461538461538461,2.6
2020,Boston Celtics,1.0,14.7
2020,Brooklyn Nets,0.8,6.6
2020,Charlotte Hornets,1.0,1.7999999999999998
2020,Chicago Bulls,0.7333333333333333,1.6
2020,Cleveland Cavaliers,0.8,2.0
2020,Dallas Mavericks,0.8461538461538461,13.0
2020,Denver Nuggets,0.8181818181818182,10.7
2020,Detroit Pistons,0.7272727272727273,1.5999999999999999
2020,Golden State Warriors,0.8,-1.5
2020,Houston Rockets,0.6923076923076923,8.2
2020,Indiana Pacers,0.6153846153846154,4.8
2020,LA Clippers,0.8461538461538461,14.9
2020,Los Angeles Lakers,0.6666666666666666,8.4
2020,Memphis Grizzlies,0.8333333333333334,5.5
2020,Miami Heat,0.8461538461538461,8.9
2020,Milwaukee Bucks,0.8571428571428571,17.0
2020,Minnesota Timberwolves,0.8181818181818182,-0.09999999999999998
2020,New Orleans Pelicans,0.8571428571428571,5.6000000000000005
2020,New York Knicks,0.9285714285714286,0.9999999999999999
2020,Oklahoma City Thunder,0.6923076923076923,8.4
2020,Orlando Magic,0.5,2.7
2020,Philadelphia 76ers,0.8461538461538461,8.8
2020,Phoenix Suns,0.9230769230769231,8.8
2020,Portland Trail Blazers,0.8571428571428571,9.1
2020,Sacramento Kings,0.6363636363636364,5.3999999999999995
2020,San Antonio Spurs,0.9230769230769231,8.7
2020,Toronto Raptors,0.9166666666666666,14.7
2020,Utah Jazz,0.8181818181818182,11.2
2020,Washington Wizards,0.8666666666666667,3.1
2021,Atlanta Hawks,0.7333333333333333,8.5
2021,Boston Celtics,0.7857142857142857,6.5
2021,Brooklyn Nets,1.0,12.7
2021,Charlotte Hornets,1.0,6.9
2021,Chicago Bulls,0.8181818181818182,3.8000000000000003
2021,Cleveland Cavaliers,0.6428571428571429,-0.4999999999999998
2021,Dallas Mavericks,1.0,11.299999999999999
2021,Denver Nuggets,0.7857142857142857,13.5
2021,Detroit Pistons,0.8666666666666667,2.3
2021,Golden State Warriors,0.7692307692307693,10.1
2021,Houston Rockets,0.625,0.9000000000000001
2021,Indiana Pacers,0.5714285714285714,6.0
2021,LA Clippers,1.0,15.1
2021,Los Angeles Lakers,1.0,11.6
2021,Memphis Grizzlies,0.9230769230769231,9.0
2021,Miami Heat,1.0,8.5
2021,Milwaukee Bucks,0.9166666666666666,14.3
2021,Minnesota Timberwolves,0.8666666666666667,3.6
2021,New Orleans Pelicans,0.6923076923076923,2.1
2021,New York Knicks,0.8461538461538461,9.5
2021,Oklahoma City Thunder,0.7333333333333333,-2.2
2021,Orlando Magic,0.6666666666666666,-3.1
2021,Philadelphia 76ers,0.5384615384615384,0.4
2021,Phoenix Suns,0.7857142857142857,12.2
2021,Portland Trail Blazers,0.9090909090909091,11.5
2021,Sacramento Kings,0.6428571428571429,0.9
2021,San Antonio Spurs,0.8461538461538461,6.1000000000000005
2021,Toronto Raptors,0.6428571428571429,1.4000000000000001
2021,Utah Jazz,0.9090909090909091,15.0
2021,Washington Wizards,0.7333333333333333,6.3999999999999995
2022,Atlanta Hawks,0.8333333333333334,11.3
2022,Boston Celtics,0.9090909090909091,13.700000000000001
2022,Brooklyn Nets,0.9375,8.399999999999999
2022,Charlotte Hornets,0.9230769230769231,10.7
2022,Chicago Bulls,0.7142857142857143,6.0
2022,Cleveland Cavaliers,0.7333333333333333,8.9
2022,Dallas Mavericks,0.7857142857142857,12.6
2022,Denver Nuggets,0.8666666666666667,11.600000000000001
2022,Detroit Pistons,0.6428571428571429,0.49999999999999994
2022,Golden State Warriors,0.8666666666666667,11.4
2022,Houston Rockets,0.75,-0.09999999999999992
2022,Indiana Pacers,0.7333333333333333,0.7000000000000002
2022,LA Clippers,0.75,7.5
2022,Los Angeles Lakers,0.7333333333333333,-0.8999999999999999
2022,Memphis Grizzlies,0.9333333333333333,16.6
2022,Miami Heat,0.6666666666666666,6.8
2022,Milwaukee Bucks,0.6428571428571429,6.7
2022,Minnesota Timberwolves,0.9230769230769231,11.700000000000001
2022,New Orleans Pelicans,0.9285714285714286,9.2
2022,New York Knicks,0.7142857142857143,7.199999999999999
2022,Oklahoma City Thunder,0.47058823529411764,-1.7
2022,Orlando Magic,0.7142857142857143,0.6000000000000001
2022,Philadelphia 76ers,0.9090909090909091,12.0
2022,Phoenix Suns,1.0,17.8
2022,Portland Trail Blazers,0.6666666666666666,-3.4
2022,Sacramento Kings,0.7142857142857143,1.5
2022,San Antonio Spurs,0.8333333333333334,7.9
2022,Toronto Raptors,1.0,12.5
2022,Utah Jazz,0.7857142857142857,12.3
2022,Washington Wizards,0.7692307692307693,2.4000000000000004
2023,Atlanta Hawks,1.0,10.4
2023,Boston Celtics,1.0,18.2
2023,Brooklyn Nets,0.9285714285714286,5.699999999999999
2023,Charlotte Hornets,0.5714285714285714,-1.7
2023,Chicago Bulls,1.0,11.700000000000001
2023,Cleveland Cavaliers,1.0,14.9
2023,Dallas Mavericks,0.9333333333333333,6.8999999999999995
2023,Denver Nuggets,1.0,13.600000000000001
2023,Detroit Pistons,0.7333333333333333,-0.10000000000000006
2023,Golden State Warriors,0.8333333333333334,11.5
2023,Houston Rockets,0.9090909090909091,1.0999999999999999
2023,Indiana Pacers,0.5833333333333334,0.3999999999999999
2023,LA Clippers,0.8571428571428571,8.4
2023,Los Angeles Lakers,0.9166666666666666,10.0
2023,Memphis Grizzlies,0.6,6.6
2023,Miami Heat,1.0,9.9
2023,Milwaukee Bucks,0.7692307692307693,7.5
2023,Minnesota Timberwolves,1.0,8.0
2023,New Orleans Pelicans,0.9230769230769231,9.6
2023,New York Knicks,1.0,13.5
2023,Oklahoma City Thunder,0.8571428571428571,9.2
2023,Orlando Magic,0.8571428571428571,5.8
2023,Philadelphia 76ers,1.0,14.700000000000001
2023,Phoenix Suns,1.0,9.8
2023,Portland Trail Blazers,0.5,-0.09999999999999987
2023,Sacramento Kings,1.0,12.600000000000001
2023,San Antonio Spurs,0.7222222222222222,-3.2
2023,Toronto Raptors,1.0,11.799999999999999
2023,Utah Jazz,0.6153846153846154,1.0
2023,Washington Wizards,0.6923076923076923,6.3999999999999995
2024,Atlanta Hawks,0.6923076923076923,6.2
2024,Boston Celtics,0.6923076923076923,11.0
2024,Brooklyn Nets,0.6153846153846154,4.7
2024,Charlotte Hornets,0.5882352941176471,-3.5
2024,Chicago Bulls,0.6153846153846154,6.499999999999999
2024,Cleveland Cavaliers,0.6153846153846154,6.4
2024,Dallas Mavericks,0.6428571428571429,7.4
2024,Denver Nuggets,1.0,15.7
2024,Detroit Pistons,0.8235294117647058,-0.7000000000000001
2024,Golden State Warriors,0.7857142857142857,6.8999999999999995
2024,Houston Rockets,0.8461538461538461,6.9
2024,Indiana Pacers,0.9166666666666666,13.6
2024,LA Clippers,0.8571428571428571,5.4
2024,Los Angeles Lakers,0.8333333333333334,12.9
2024,Memphis Grizzlies,0.5,0.5
2024,Miami Heat,0.8,10.0
2024,Milwaukee Bucks,0.8333333333333334,6.2
2024,Minnesota Timberwolves,1.0,16.8
2024,New Orleans Pelicans,1.0,15.5
2024,New York Knicks,0.9166666666666666,13.4
2024,Oklahoma City Thunder,1.0,18.6
2024,Orlando Magic,1.0,11.9
2024,Philadelphia 76ers,0.9375,12.1
2024,Phoenix Suns,0.9090909090909091,13.700000000000001
2024,Portland Trail Blazers,0.6,-2.2
2024,Sacramento Kings,0.8571428571428571,11.200000000000001
2024,San Antonio Spurs,0.46153846153846156,0.6
2024,Toronto Raptors,0.7333333333333333,-2.7
2024,Utah Jazz,0.6153846153846154,-3.4
2024,Washington Wizards,0.5714285714285714,-2.0
2025,Atlanta Hawks,1.0,8.3
2025,Boston Celtics,1.0,20.400000000000002
2025,Brooklyn Nets,1.0,1.4
2025,Charlotte Hornets,0.9473684210526315,1.0
2025,Chicago Bulls,1.0,6.500000000000001
2025,Cleveland Cavaliers,1.0,19.3
2025,Dallas Mavericks,0.9444444444444444,6.2
2025,Denver Nuggets,1.0,15.3
2025,Detroit Pistons,1.0,12.0
2025,Golden State Warriors,1.0,13.2
2025,Houston Rockets,0.9285714285714286,14.1
2025,Indiana Pacers,1.0,12.100000000000001
2025,LA Clippers,1.0,14.700000000000001
2025,Los Angeles Lakers,1.0,10.0
2025,Memphis Grizzlies,1.0,14.9
2025,Miami Heat,1.0,9.3
2025,Milwaukee Bucks,0.9166666666666666,9.2
2025,Minnesota Timberwolves,1.0,16.2
2025,New Orleans Pelicans,1.0,0.7999999999999999
2025,New York Knicks,1.0,14.8
2025,Oklahoma City Thunder,1.0,24.3
2025,Orlando Magic,0.9375,8.4
2025,Philadelphia 76ers,0.8947368421052632,3.1
2025,Phoenix Suns,0.9230769230769231,7.5
2025,Portland Trail Blazers,1.0,7.0
2025,Sacramento Kings,1.0,9.4
2025,San Antonio Spurs,1.0,6.8999999999999995
2025,Toronto Raptors,1.0,5.5
2025,Utah Jazz,0.9333333333333333,-1.4000000000000001
2025,Washington Wizards,1.0,-3.5
