Team,Age,W,L,PW,PL,MOV,SOS,SRS,ORtg,DRtg,NRtg,Pace,FTr,3PAr,TS%,Offense Four Factors_eFG%,Offense Four Factors_TOV%,Offense Four Factors_ORB%,Offense Four Factors_FT/FGA,Defense Four Factors_eFG%,Defense Four Factors_TOV%,Defense Four Factors_DRB%,Defense Four Factors_FT/FGA,Season,Target
Miami Heat,29.0,58.0,24.0,61,21,7.46,-0.71,6.76,111.7,103.5,8.2,90.9,0.363,0.235,0.573,0.524,13.5,25.2,0.279,0.475,12.6,75.5,0.223,2010,1
Chicago Bulls,26.4,62.0,20.0,61,21,7.32,-0.79,6.53,108.3,100.3,8.0,90.4,0.305,0.215,0.541,0.501,13.5,29.4,0.227,0.463,13.6,76.2,0.222,2010,1
Los Angeles Lakers,30.2,57.0,25.0,58,24,6.11,-0.1,6.01,111.0,104.3,6.7,90.7,0.293,0.22,0.545,0.502,12.3,29.2,0.228,0.477,12.8,72.3,0.181,2010,3
San Antonio Spurs,28.8,61.0,21.0,56,26,5.71,0.16,5.86,111.8,105.6,6.2,92.3,0.299,0.261,0.567,0.527,12.8,24.9,0.229,0.491,12.6,74.6,0.19,2010,1
Boston Celtics,29.5,56.0,26.0,57,25,5.37,-0.54,4.83,106.2,100.3,5.9,90.4,0.305,0.18,0.561,0.519,14.5,21.1,0.235,0.469,14.8,74.7,0.235,2010,2
Orlando Magic,27.6,52.0,30.0,56,26,5.46,-0.54,4.92,107.9,102.0,5.9,91.2,0.328,0.328,0.554,0.521,14.3,26.1,0.227,0.475,13.3,76.9,0.219,2010,1
Denver Nuggets,27.3,50.0,32.0,54,28,4.76,0.05,4.81,112.3,107.3,5.0,95.6,0.367,0.258,0.574,0.526,13.1,23.9,0.281,0.5,12.7,75.4,0.224,2010,1
Dallas Mavericks,30.9,57.0,25.0,53,29,4.23,0.18,4.41,109.7,105.0,4.7,91.3,0.286,0.274,0.565,0.525,13.6,24.1,0.222,0.488,13.0,74.8,0.206,2010,1
Oklahoma City Thunder,23.7,55.0,27.0,51,31,3.79,0.02,3.81,111.2,107.2,4.0,92.7,0.363,0.212,0.561,0.501,13.1,27.4,0.299,0.493,12.9,73.6,0.228,2010,1
Memphis Grizzlies,25.2,46.0,36.0,48,34,2.34,0.2,2.55,107.6,105.1,2.5,91.9,0.291,0.136,0.534,0.493,13.0,28.9,0.218,0.502,15.7,72.5,0.228,2010,1
Houston Rockets,26.5,43.0,39.0,47,35,2.18,0.19,2.37,111.3,109.0,2.3,94.2,0.299,0.264,0.55,0.503,12.3,27.4,0.239,0.5,12.6,72.7,0.219,2010,0
Portland Trail Blazers,26.7,48.0,34.0,46,36,1.52,0.32,1.85,108.8,107.1,1.7,87.9,0.278,0.228,0.533,0.486,12.6,29.5,0.224,0.51,15.4,72.0,0.231,2010,1
Philadelphia 76ers,24.7,41.0,41.0,45,37,1.5,-0.5,1.01,106.6,105.0,1.6,91.7,0.273,0.184,0.535,0.494,12.3,24.6,0.21,0.487,13.5,74.5,0.231,2010,1
New Orleans Hornets,26.3,46.0,36.0,44,38,0.89,0.39,1.28,106.2,105.2,1.0,88.7,0.296,0.192,0.537,0.493,12.8,25.1,0.226,0.501,14.4,76.2,0.22,2010,1
New York Knicks,25.3,42.0,40.0,43,39,0.78,-0.3,0.48,110.9,110.1,0.8,95.6,0.304,0.303,0.561,0.513,12.6,24.2,0.246,0.511,13.8,71.9,0.24,2010,1
Milwaukee Bucks,26.7,35.0,47.0,38,44,-0.84,-0.17,-1.02,101.6,102.5,-0.9,89.8,0.287,0.216,0.511,0.467,13.0,24.7,0.217,0.481,14.7,74.8,0.236,2010,0
Phoenix Suns,29.6,40.0,42.0,39,43,-0.89,0.43,-0.46,109.5,110.4,-0.9,94.4,0.283,0.271,0.559,0.522,13.2,23.7,0.215,0.513,13.1,71.6,0.211,2010,0
Atlanta Hawks,27.4,44.0,38.0,39,43,-0.82,-0.28,-1.1,106.1,107.0,-0.9,89.3,0.269,0.222,0.542,0.501,13.5,23.4,0.209,0.495,12.3,74.6,0.211,2010,1
Indiana Pacers,25.9,37.0,45.0,38,44,-1.07,-0.3,-1.38,104.8,106.0,-1.2,94.7,0.3,0.244,0.533,0.486,14.1,25.9,0.235,0.487,12.8,74.1,0.237,2010,1
Utah Jazz,26.8,39.0,43.0,36,46,-1.83,0.39,-1.44,108.1,110.1,-2.0,91.0,0.313,0.191,0.544,0.498,13.5,27.0,0.241,0.505,13.8,71.7,0.275,2010,0
Golden State Warriors,25.2,36.0,46.0,35,47,-2.33,0.33,-2.0,108.2,110.7,-2.5,94.8,0.241,0.248,0.544,0.51,13.3,26.7,0.183,0.509,14.5,69.3,0.259,2010,0
Los Angeles Clippers,24.6,32.0,50.0,32,50,-3.13,0.42,-2.71,105.3,108.7,-3.4,92.8,0.332,0.23,0.535,0.496,15.1,28.4,0.234,0.499,12.8,73.2,0.25,2010,0
Detroit Pistons,27.2,30.0,52.0,31,51,-3.6,-0.18,-3.78,107.7,111.7,-4.0,89.2,0.279,0.189,0.533,0.495,12.5,27.4,0.206,0.526,13.8,72.1,0.235,2010,0
Charlotte Bobcats,26.9,34.0,48.0,29,53,-4.0,-0.08,-4.08,103.4,107.8,-4.4,89.6,0.314,0.189,0.528,0.482,14.1,25.7,0.237,0.5,12.9,75.2,0.229,2010,0
Sacramento Kings,24.8,24.0,58.0,27,55,-5.34,0.54,-4.8,103.5,109.0,-5.5,95.2,0.284,0.183,0.519,0.48,14.4,29.9,0.208,0.513,13.5,74.4,0.233,2010,0
New Jersey Nets,24.8,24.0,58.0,24,58,-6.24,-0.04,-6.28,103.1,109.9,-6.8,89.9,0.283,0.201,0.517,0.474,13.4,26.1,0.215,0.503,11.8,74.2,0.241,2010,0
Toronto Raptors,24.5,22.0,60.0,24,58,-6.28,0.01,-6.28,106.1,112.9,-6.8,92.9,0.293,0.162,0.533,0.491,13.7,28.2,0.221,0.522,13.0,72.0,0.251,2010,0
Minnesota Timberwolves,23.8,17.0,65.0,24,58,-6.63,0.67,-5.97,104.2,111.1,-6.9,96.5,0.282,0.223,0.526,0.483,15.1,29.6,0.217,0.514,13.1,73.7,0.251,2010,0
Washington Wizards,24.9,23.0,59.0,22,60,-7.4,0.11,-7.3,102.4,110.2,-7.8,93.8,0.29,0.172,0.513,0.471,13.9,28.0,0.216,0.512,14.4,70.5,0.249,2010,0
Cleveland Cavaliers,26.6,19.0,63.0,18,64,-9.01,0.14,-8.88,102.2,111.8,-9.6,93.0,0.312,0.224,0.518,0.472,13.4,24.2,0.233,0.524,12.7,73.3,0.211,2010,0
Chicago Bulls,27.1,50.0,16.0,51,15,8.18,-0.76,7.43,107.4,98.3,9.1,89.1,0.255,0.205,0.523,0.49,13.2,32.6,0.184,0.45,12.8,74.3,0.175,2011,1
San Antonio Spurs,27.5,50.0,16.0,48,18,7.17,0.11,7.28,110.9,103.2,7.7,92.9,0.261,0.257,0.562,0.528,12.8,25.1,0.195,0.489,12.9,76.0,0.168,2011,1
Oklahoma City Thunder,25.1,47.0,19.0,46,20,6.12,0.32,6.44,109.8,103.2,6.6,93.0,0.334,0.252,0.567,0.516,15.3,27.8,0.269,0.465,13.0,72.1,0.207,2011,1
Miami Heat,28.3,46.0,20.0,47,19,5.98,-0.27,5.72,106.6,100.2,6.4,91.2,0.307,0.198,0.549,0.505,14.5,26.6,0.238,0.479,15.8,73.9,0.2,2011,2
Philadelphia 76ers,24.9,35.0,31.0,43,23,4.24,-0.65,3.59,103.9,99.2,4.7,89.7,0.217,0.175,0.511,0.48,10.9,24.4,0.161,0.46,13.5,75.2,0.192,2011,1
Atlanta Hawks,27.9,40.0,26.0,41,25,3.44,-0.77,2.67,104.9,101.2,3.7,90.2,0.259,0.249,0.535,0.5,13.4,23.9,0.192,0.48,14.4,74.4,0.186,2011,1
Indiana Pacers,26.3,42.0,24.0,41,25,3.3,-0.71,2.6,106.7,103.1,3.6,90.7,0.321,0.198,0.526,0.474,13.1,29.2,0.251,0.476,14.1,72.3,0.222,2011,1
New York Knicks,26.3,36.0,30.0,41,25,3.2,-0.81,2.39,104.4,101.0,3.4,93.2,0.306,0.288,0.533,0.492,14.9,26.6,0.227,0.485,15.9,73.7,0.224,2011,1
Denver Nuggets,26.6,38.0,28.0,39,27,2.88,0.29,3.16,109.2,106.2,3.0,94.2,0.326,0.243,0.556,0.516,14.1,27.7,0.239,0.508,14.3,74.3,0.185,2011,1
Boston Celtics,29.3,39.0,27.0,39,27,2.52,-0.26,2.26,101.0,98.2,2.8,90.4,0.257,0.194,0.535,0.496,14.7,19.7,0.2,0.452,14.9,72.4,0.216,2011,1
Los Angeles Clippers,27.3,40.0,26.0,39,27,2.56,0.26,2.82,108.5,105.7,2.8,89.2,0.287,0.269,0.533,0.502,12.7,29.5,0.195,0.492,14.2,73.2,0.245,2011,1
Memphis Grizzlies,25.6,41.0,25.0,38,28,2.02,0.42,2.43,104.0,101.8,2.2,90.8,0.277,0.157,0.515,0.473,13.6,29.8,0.211,0.485,16.3,72.7,0.227,2011,1
Los Angeles Lakers,29.7,41.0,25.0,36,30,1.42,0.54,1.96,106.0,104.4,1.6,90.5,0.299,0.209,0.534,0.491,14.2,29.1,0.226,0.476,10.7,74.8,0.158,2011,1
Dallas Mavericks,31.3,36.0,30.0,35,31,0.95,0.83,1.78,103.3,102.3,1.0,91.4,0.246,0.271,0.527,0.489,13.4,23.4,0.19,0.479,13.9,74.8,0.203,2011,3
Orlando Magic,27.5,37.0,29.0,35,31,0.79,-0.33,0.46,105.0,104.1,0.9,89.0,0.292,0.346,0.533,0.506,14.5,26.5,0.193,0.488,12.9,75.5,0.19,2011,1
Utah Jazz,25.6,36.0,30.0,34,32,0.62,0.3,0.92,106.8,106.1,0.7,91.4,0.302,0.153,0.525,0.481,13.0,30.2,0.227,0.493,13.8,73.8,0.245,2011,1
Milwaukee Bucks,26.2,31.0,35.0,34,32,0.27,-0.5,-0.23,105.5,105.2,0.3,93.7,0.25,0.224,0.521,0.481,12.9,27.7,0.194,0.489,14.6,70.9,0.217,2011,0
Houston Rockets,26.2,34.0,32.0,34,32,0.23,0.35,0.57,105.5,105.2,0.3,91.7,0.235,0.24,0.529,0.492,13.5,27.5,0.184,0.49,13.8,73.4,0.21,2011,0
Phoenix Suns,28.9,33.0,33.0,32,34,-0.24,0.53,0.29,106.2,106.5,-0.3,92.6,0.257,0.238,0.536,0.499,13.3,25.8,0.194,0.491,13.1,71.7,0.2,2011,0
Portland Trail Blazers,27.5,28.0,38.0,32,34,-0.62,0.41,-0.22,105.7,106.4,-0.7,91.2,0.263,0.255,0.531,0.488,13.4,26.3,0.209,0.504,14.1,72.8,0.199,2011,0
Minnesota Timberwolves,24.4,26.0,40.0,28,38,-2.2,0.37,-1.83,104.3,106.6,-2.3,93.3,0.306,0.262,0.524,0.477,14.0,27.5,0.236,0.491,12.2,73.0,0.187,2011,0
Golden State Warriors,25.3,23.0,43.0,25,41,-3.41,0.62,-2.79,105.4,109.1,-3.7,92.3,0.227,0.248,0.539,0.505,13.3,22.9,0.175,0.496,13.6,69.1,0.237,2011,0
Toronto Raptors,25.7,23.0,43.0,25,41,-3.3,-0.36,-3.67,100.8,104.5,-3.7,89.3,0.274,0.209,0.518,0.475,14.8,25.9,0.211,0.475,12.8,75.4,0.26,2011,0
New Orleans Hornets,25.5,21.0,45.0,24,42,-3.76,0.65,-3.11,100.9,105.1,-4.2,88.3,0.274,0.152,0.517,0.476,15.2,27.5,0.207,0.485,13.5,73.1,0.218,2011,0
Washington Wizards,24.2,20.0,46.0,22,44,-4.8,-0.34,-5.14,101.0,106.2,-5.2,92.5,0.253,0.196,0.508,0.472,14.2,27.3,0.184,0.492,14.2,70.9,0.229,2011,0
Detroit Pistons,26.3,25.0,41.0,22,44,-4.79,-0.4,-5.19,101.0,106.3,-5.3,89.2,0.279,0.175,0.51,0.468,15.0,28.1,0.21,0.5,14.2,72.8,0.226,2011,0
Sacramento Kings,24.3,22.0,44.0,21,45,-5.68,0.73,-4.95,103.8,109.8,-6.0,94.7,0.268,0.228,0.51,0.472,13.0,29.1,0.197,0.515,13.9,70.5,0.199,2011,0
New Jersey Nets,26.1,22.0,44.0,19,47,-5.98,-0.39,-6.37,102.9,109.6,-6.7,90.1,0.269,0.278,0.516,0.473,14.3,27.8,0.209,0.513,13.7,70.7,0.209,2011,0
Cleveland Cavaliers,26.0,21.0,45.0,17,49,-7.2,-0.14,-7.34,101.1,108.9,-7.8,91.3,0.307,0.238,0.505,0.463,14.3,28.9,0.22,0.508,13.1,72.2,0.202,2011,0
Charlotte Bobcats,24.5,7.0,59.0,7,59,-13.91,-0.05,-13.96,95.2,110.4,-15.2,91.1,0.276,0.169,0.483,0.439,13.9,23.6,0.206,0.512,12.8,70.9,0.206,2011,0
Oklahoma City Thunder,26.0,60.0,22.0,64,18,9.21,-0.06,9.15,112.4,102.6,9.8,93.3,0.338,0.244,0.58,0.527,14.4,26.7,0.28,0.469,13.5,73.4,0.197,2012,2
Miami Heat,30.3,66.0,16.0,62,20,7.87,-0.84,7.03,112.3,103.7,8.6,90.7,0.297,0.285,0.588,0.552,13.7,22.2,0.224,0.487,14.8,73.0,0.2,2012,3
Los Angeles Clippers,28.8,56.0,26.0,59,23,6.45,-0.02,6.43,110.6,103.6,7.0,91.1,0.286,0.265,0.557,0.526,13.9,28.8,0.203,0.492,15.4,73.5,0.229,2012,1
San Antonio Spurs,28.6,58.0,24.0,58,24,6.4,0.27,6.67,108.3,101.6,6.7,94.2,0.258,0.264,0.568,0.531,14.0,20.5,0.204,0.48,13.7,74.9,0.179,2012,1
Denver Nuggets,26.1,57.0,25.0,55,27,5.09,0.28,5.37,110.4,105.1,5.3,95.1,0.308,0.217,0.549,0.515,13.6,31.4,0.216,0.493,14.3,71.8,0.193,2012,1
New York Knicks,30.2,54.0,28.0,53,29,4.23,-0.5,3.73,111.1,106.3,4.8,89.8,0.258,0.354,0.55,0.515,11.7,25.6,0.196,0.508,14.8,74.7,0.216,2012,1
Memphis Grizzlies,27.0,56.0,26.0,54,28,4.15,0.18,4.32,104.9,100.3,4.6,88.4,0.261,0.166,0.514,0.472,13.3,31.0,0.202,0.475,15.2,74.3,0.209,2012,1
Indiana Pacers,25.7,49.0,32.0,52,29,4.02,-0.69,3.34,104.3,99.8,4.5,90.2,0.293,0.245,0.521,0.479,14.3,30.3,0.219,0.453,12.9,74.6,0.197,2012,1
Houston Rockets,24.4,45.0,37.0,50,32,3.48,0.22,3.69,109.7,106.1,3.6,96.1,0.308,0.349,0.564,0.525,14.9,26.4,0.232,0.502,13.5,75.2,0.196,2012,1
Brooklyn Nets,28.6,49.0,33.0,46,36,1.78,-0.53,1.25,108.2,106.2,2.0,88.8,0.299,0.269,0.536,0.498,14.0,30.9,0.219,0.503,13.1,73.7,0.174,2012,1
Los Angeles Lakers,30.7,45.0,37.0,44,38,1.16,0.32,1.48,107.8,106.6,1.2,94.4,0.345,0.303,0.548,0.512,13.9,27.0,0.239,0.496,11.9,74.3,0.163,2012,1
Golden State Warriors,25.3,47.0,35.0,44,38,0.89,0.42,1.32,106.4,105.5,0.9,94.5,0.255,0.239,0.545,0.506,14.0,25.4,0.201,0.486,12.4,75.5,0.211,2012,1
Atlanta Hawks,27.1,44.0,38.0,42,40,0.4,-0.48,-0.08,104.8,104.4,0.4,92.6,0.244,0.286,0.546,0.517,14.2,22.2,0.174,0.496,14.2,73.6,0.181,2012,1
Chicago Bulls,28.0,45.0,37.0,42,40,0.32,-0.33,-0.02,103.5,103.2,0.3,89.3,0.259,0.189,0.512,0.47,13.6,29.4,0.201,0.477,13.2,73.6,0.206,2012,1
Utah Jazz,26.3,43.0,39.0,41,41,-0.09,0.38,0.3,106.7,106.8,-0.1,90.9,0.281,0.206,0.533,0.492,13.8,28.8,0.214,0.501,14.0,73.2,0.226,2012,0
Boston Celtics,29.1,41.0,40.0,40,41,-0.22,-0.4,-0.62,103.1,103.3,-0.2,91.7,0.263,0.215,0.542,0.503,14.1,20.1,0.204,0.482,14.2,73.3,0.216,2012,1
Dallas Mavericks,29.5,41.0,41.0,39,43,-0.6,0.36,-0.24,105.9,106.5,-0.6,94.1,0.242,0.236,0.544,0.506,13.0,21.8,0.192,0.492,13.3,73.1,0.227,2012,0
Milwaukee Bucks,26.4,38.0,44.0,37,45,-1.5,-0.33,-1.83,103.6,105.2,-1.6,94.7,0.236,0.232,0.51,0.476,12.7,27.9,0.174,0.492,14.4,71.3,0.201,2012,1
Toronto Raptors,25.4,34.0,48.0,37,45,-1.48,-0.48,-1.96,105.9,107.5,-1.6,90.4,0.274,0.249,0.532,0.488,13.0,25.5,0.216,0.5,13.6,73.4,0.247,2012,0
Minnesota Timberwolves,26.4,31.0,51.0,34,48,-2.37,0.54,-1.83,102.9,105.4,-2.5,92.8,0.305,0.22,0.516,0.473,13.8,27.4,0.226,0.511,15.0,74.0,0.187,2012,0
Washington Wizards,25.4,29.0,53.0,33,49,-2.54,-0.25,-2.78,100.2,103.0,-2.8,92.2,0.261,0.223,0.512,0.475,14.2,24.6,0.191,0.483,13.7,74.6,0.206,2012,0
Portland Trail Blazers,24.4,33.0,49.0,32,50,-3.17,0.65,-2.53,105.8,109.2,-3.4,91.4,0.25,0.284,0.536,0.498,13.9,25.3,0.194,0.512,12.5,73.3,0.189,2012,0
Philadelphia 76ers,25.2,34.0,48.0,31,51,-3.34,-0.17,-3.51,102.0,105.7,-3.7,91.0,0.2,0.209,0.509,0.481,12.5,24.9,0.146,0.495,13.7,73.4,0.2,2012,0
Detroit Pistons,25.3,29.0,53.0,29,53,-3.99,-0.34,-4.33,103.8,108.1,-4.3,90.8,0.282,0.217,0.521,0.487,14.3,28.3,0.197,0.505,13.1,73.0,0.209,2012,0
New Orleans Hornets,24.0,27.0,55.0,30,52,-3.87,0.75,-3.12,105.7,110.1,-4.4,88.5,0.248,0.224,0.528,0.489,14.0,29.2,0.193,0.52,13.1,74.4,0.208,2012,0
Cleveland Cavaliers,24.1,24.0,58.0,28,54,-4.68,-0.19,-4.87,104.3,109.4,-5.1,92.3,0.265,0.229,0.514,0.473,13.0,28.1,0.2,0.523,14.4,72.6,0.225,2012,0
Sacramento Kings,25.6,28.0,54.0,28,54,-4.88,0.62,-4.26,106.2,111.4,-5.2,93.6,0.271,0.243,0.532,0.491,13.4,26.6,0.208,0.517,13.6,71.0,0.227,2012,0
Phoenix Suns,26.9,25.0,57.0,23,59,-6.46,0.71,-5.75,101.2,108.1,-6.9,93.4,0.234,0.21,0.512,0.477,14.3,27.0,0.174,0.512,14.2,71.9,0.208,2012,0
Orlando Magic,24.6,20.0,62.0,22,60,-6.99,-0.14,-7.12,101.6,109.1,-7.5,92.2,0.197,0.223,0.514,0.485,13.7,25.4,0.149,0.508,11.8,74.6,0.195,2012,0
Charlotte Bobcats,24.4,21.0,61.0,17,65,-9.23,-0.06,-9.29,101.5,111.5,-10.0,91.5,0.31,0.21,0.507,0.46,13.2,25.7,0.233,0.524,13.2,71.1,0.197,2012,0
San Antonio Spurs,28.9,62.0,20.0,61,21,7.72,0.28,8.0,110.5,102.4,8.1,95.0,0.24,0.257,0.571,0.537,13.5,22.7,0.188,0.482,12.8,76.4,0.184,2013,2
Los Angeles Clippers,28.1,57.0,25.0,59,23,6.98,0.3,7.27,112.1,104.8,7.3,95.9,0.353,0.291,0.567,0.526,12.7,25.0,0.258,0.484,13.8,72.5,0.222,2013,1
Oklahoma City Thunder,26.2,59.0,23.0,58,24,6.34,0.32,6.66,110.5,103.9,6.6,95.4,0.303,0.271,0.566,0.52,14.0,26.5,0.244,0.488,13.9,75.6,0.221,2013,1
Miami Heat,30.6,54.0,28.0,54,28,4.76,-0.61,4.15,110.9,105.8,5.1,91.2,0.3,0.292,0.59,0.554,14.6,20.6,0.228,0.511,15.8,73.0,0.212,2013,3
Golden State Warriors,26.3,51.0,31.0,54,28,4.8,0.34,5.15,107.5,102.6,4.9,96.2,0.247,0.291,0.55,0.517,13.8,25.1,0.186,0.477,13.6,76.3,0.224,2013,1
Indiana Pacers,27.2,56.0,26.0,54,28,4.4,-0.77,3.63,104.1,99.3,4.8,92.5,0.29,0.235,0.535,0.49,14.3,24.9,0.226,0.46,12.9,76.8,0.197,2013,1
Houston Rockets,25.4,54.0,28.0,53,29,4.56,0.5,5.06,111.0,106.3,4.7,96.3,0.386,0.33,0.571,0.531,14.6,27.4,0.275,0.489,12.5,74.1,0.193,2013,1
Portland Trail Blazers,25.8,54.0,28.0,52,30,3.99,0.45,4.44,111.5,107.4,4.1,94.9,0.27,0.29,0.548,0.504,12.4,28.0,0.22,0.488,10.9,74.7,0.194,2013,1
Toronto Raptors,25.6,48.0,34.0,50,32,3.24,-0.69,2.55,108.8,105.3,3.5,91.8,0.306,0.285,0.545,0.498,13.2,27.2,0.239,0.493,14.1,74.9,0.237,2013,1
Phoenix Suns,26.2,48.0,34.0,48,34,2.63,0.39,3.02,109.5,106.7,2.8,95.8,0.293,0.3,0.558,0.519,14.0,26.4,0.222,0.496,13.9,73.7,0.237,2013,0
Minnesota Timberwolves,26.3,40.0,42.0,48,34,2.67,0.43,3.1,108.9,106.2,2.7,97.3,0.321,0.245,0.535,0.486,12.2,27.4,0.249,0.518,14.8,74.4,0.177,2013,0
Dallas Mavericks,30.6,49.0,33.0,48,34,2.4,0.5,2.91,111.2,108.7,2.5,93.5,0.253,0.274,0.564,0.526,12.7,24.6,0.201,0.515,14.8,72.7,0.229,2013,1
Chicago Bulls,28.6,48.0,34.0,47,35,1.85,-0.66,1.2,102.5,100.5,2.0,90.2,0.29,0.222,0.518,0.471,14.2,27.2,0.226,0.471,13.7,75.4,0.189,2013,1
Memphis Grizzlies,28.5,50.0,32.0,46,36,1.57,0.61,2.18,106.3,104.6,1.7,89.9,0.248,0.171,0.529,0.494,13.1,28.3,0.184,0.497,13.8,75.7,0.199,2013,1
Washington Wizards,26.3,44.0,38.0,45,37,1.27,-0.79,0.48,106.0,104.6,1.4,93.2,0.248,0.246,0.538,0.506,13.6,25.2,0.181,0.504,15.0,75.7,0.22,2013,1
Charlotte Bobcats,25.5,43.0,39.0,40,42,-0.22,-0.67,-0.89,103.6,103.8,-0.2,92.4,0.297,0.219,0.522,0.481,11.7,21.9,0.219,0.491,12.6,77.6,0.183,2013,1
Atlanta Hawks,27.5,38.0,44.0,40,42,-0.48,-0.4,-0.88,105.9,106.4,-0.5,94.6,0.266,0.316,0.554,0.515,14.3,21.0,0.208,0.51,14.0,74.4,0.196,2013,1
New York Knicks,28.3,37.0,45.0,39,43,-0.79,-0.61,-1.4,108.3,109.1,-0.8,90.3,0.248,0.302,0.541,0.505,12.5,25.1,0.189,0.514,14.0,74.3,0.245,2013,0
Brooklyn Nets,30.0,44.0,38.0,38,44,-1.0,-0.58,-1.58,106.7,107.7,-1.0,91.4,0.313,0.301,0.555,0.514,14.1,21.7,0.236,0.509,14.9,72.3,0.236,2013,1
Denver Nuggets,26.0,36.0,46.0,35,47,-2.15,0.75,-1.4,106.0,108.2,-2.2,98.1,0.306,0.278,0.536,0.497,14.0,27.5,0.222,0.5,12.8,74.5,0.233,2013,0
New Orleans Pelicans,24.3,34.0,48.0,33,49,-2.71,0.73,-1.98,107.2,110.1,-2.9,92.2,0.286,0.193,0.537,0.495,12.9,26.9,0.22,0.515,13.6,73.8,0.249,2013,0
Sacramento Kings,24.9,28.0,54.0,33,49,-2.9,0.82,-2.08,105.7,108.8,-3.1,94.4,0.331,0.218,0.532,0.484,13.9,27.8,0.251,0.512,12.7,76.6,0.234,2013,0
Cleveland Cavaliers,24.9,33.0,49.0,32,50,-3.29,-0.57,-3.86,104.2,107.7,-3.5,93.1,0.268,0.236,0.518,0.479,13.0,27.2,0.201,0.508,13.0,75.8,0.199,2013,0
Detroit Pistons,24.7,29.0,53.0,31,51,-3.66,-0.48,-4.13,105.9,109.7,-3.8,94.9,0.296,0.222,0.514,0.482,12.9,31.4,0.199,0.52,13.8,73.4,0.218,2013,0
Boston Celtics,25.4,25.0,57.0,28,54,-4.46,-0.51,-4.97,102.9,107.7,-4.8,93.3,0.248,0.251,0.517,0.477,14.2,27.4,0.193,0.505,13.4,74.2,0.227,2013,0
Orlando Magic,24.6,23.0,59.0,26,56,-5.44,-0.44,-5.88,101.7,107.4,-5.7,93.6,0.253,0.235,0.525,0.487,13.9,22.4,0.193,0.504,13.0,75.5,0.211,2013,0
Los Angeles Lakers,26.8,27.0,55.0,25,57,-6.29,0.96,-5.33,104.2,110.6,-6.4,98.7,0.263,0.291,0.542,0.505,13.7,20.2,0.199,0.513,12.4,71.0,0.192,2013,0
Utah Jazz,24.5,25.0,57.0,22,60,-7.17,0.91,-6.27,103.5,111.3,-7.8,91.4,0.271,0.237,0.523,0.484,13.9,25.5,0.202,0.518,12.1,74.5,0.227,2013,0
Milwaukee Bucks,24.7,15.0,67.0,20,62,-8.18,-0.23,-8.41,103.0,111.8,-8.8,91.8,0.274,0.231,0.519,0.479,14.1,27.1,0.204,0.52,13.2,71.4,0.225,2013,0
Philadelphia 76ers,23.4,19.0,63.0,16,66,-10.45,-0.21,-10.66,99.4,109.9,-10.5,99.2,0.268,0.258,0.51,0.475,14.8,24.8,0.19,0.524,14.9,72.4,0.244,2013,0
Golden State Warriors,26.6,67.0,15.0,65,17,10.1,-0.09,10.01,111.6,101.4,10.2,98.3,0.239,0.311,0.571,0.54,13.1,24.1,0.184,0.47,14.3,74.5,0.217,2014,1
Los Angeles Clippers,28.8,56.0,26.0,58,24,6.59,0.22,6.8,112.4,105.5,6.9,94.7,0.303,0.322,0.565,0.533,11.6,22.8,0.215,0.493,13.2,75.7,0.231,2014,1
San Antonio Spurs,29.8,55.0,27.0,58,24,6.2,0.14,6.34,108.5,102.0,6.5,93.8,0.256,0.269,0.555,0.517,13.1,23.4,0.2,0.484,13.3,77.3,0.19,2014,3
Atlanta Hawks,27.8,60.0,22.0,56,26,5.43,-0.68,4.75,108.9,103.1,5.8,93.9,0.259,0.321,0.563,0.527,13.5,21.4,0.201,0.492,14.9,73.4,0.185,2014,1
Cleveland Cavaliers,26.9,53.0,29.0,53,29,4.48,-0.4,4.08,111.1,106.3,4.8,92.3,0.287,0.334,0.557,0.52,13.4,26.8,0.216,0.502,12.6,74.7,0.177,2014,1
Portland Trail Blazers,27.0,51.0,31.0,53,29,4.23,0.18,4.41,108.2,103.7,4.5,94.2,0.225,0.316,0.544,0.508,12.6,24.2,0.18,0.476,11.3,76.2,0.182,2014,1
Houston Rockets,27.6,56.0,26.0,50,32,3.44,0.38,3.82,107.0,103.4,3.6,96.5,0.312,0.392,0.548,0.512,15.0,26.8,0.223,0.486,14.6,72.9,0.208,2014,1
Memphis Grizzlies,29.6,55.0,27.0,50,32,3.24,0.38,3.62,105.7,102.2,3.5,92.0,0.276,0.184,0.531,0.489,12.6,24.7,0.214,0.492,14.5,75.3,0.183,2014,1
Toronto Raptors,26.1,49.0,33.0,49,33,3.07,-0.62,2.45,111.0,107.7,3.3,92.8,0.295,0.302,0.553,0.508,12.0,25.6,0.232,0.506,13.4,73.3,0.208,2014,1
Chicago Bulls,28.8,50.0,32.0,50,32,3.0,-0.46,2.54,107.5,104.3,3.2,92.8,0.304,0.269,0.536,0.489,12.9,27.0,0.238,0.473,11.3,74.4,0.182,2014,1
Dallas Mavericks,29.9,50.0,32.0,49,33,2.9,0.46,3.36,109.5,106.4,3.1,95.2,0.262,0.296,0.55,0.515,11.9,23.6,0.197,0.503,14.7,72.2,0.204,2014,1
Oklahoma City Thunder,25.4,45.0,37.0,47,35,2.18,0.28,2.47,107.8,105.5,2.3,95.7,0.284,0.262,0.532,0.492,13.1,28.9,0.214,0.489,12.4,75.6,0.213,2014,0
New Orleans Pelicans,25.3,45.0,37.0,43,39,0.79,0.34,1.13,108.2,107.3,0.9,91.4,0.263,0.233,0.537,0.501,12.5,27.1,0.198,0.496,11.7,75.1,0.195,2014,1
Washington Wizards,28.6,46.0,36.0,43,39,0.72,-0.55,0.17,103.7,103.0,0.7,93.7,0.259,0.203,0.534,0.499,14.0,24.9,0.192,0.481,12.9,77.3,0.21,2014,1
Milwaukee Bucks,24.6,41.0,41.0,42,40,0.43,-0.52,-0.09,102.7,102.2,0.5,94.1,0.258,0.223,0.536,0.499,15.5,25.4,0.195,0.487,15.9,73.3,0.221,2014,1
Indiana Pacers,28.3,38.0,44.0,42,40,0.28,-0.51,-0.23,103.5,103.2,0.3,93.2,0.266,0.255,0.523,0.484,13.1,24.0,0.201,0.478,12.0,77.9,0.217,2014,0
Utah Jazz,23.4,38.0,44.0,42,40,0.22,0.49,0.71,105.1,104.9,0.2,90.4,0.297,0.274,0.531,0.494,14.6,29.1,0.214,0.491,12.8,76.3,0.199,2014,0
Boston Celtics,25.0,40.0,42.0,41,41,0.16,-0.56,-0.4,104.7,104.5,0.2,95.8,0.233,0.28,0.523,0.489,12.5,24.7,0.176,0.494,13.7,75.0,0.208,2014,1
Phoenix Suns,25.7,39.0,43.0,38,44,-0.9,0.52,-0.38,105.3,106.2,-0.9,96.3,0.251,0.291,0.537,0.501,13.7,24.5,0.191,0.497,14.0,73.5,0.221,2014,0
Detroit Pistons,25.9,32.0,50.0,38,44,-1.0,-0.39,-1.39,105.3,106.4,-1.1,92.8,0.261,0.29,0.515,0.482,12.3,27.7,0.184,0.502,13.2,75.0,0.192,2014,0
Miami Heat,28.5,37.0,45.0,33,49,-2.6,-0.32,-2.92,103.9,106.7,-2.8,90.9,0.306,0.262,0.54,0.5,14.5,23.2,0.227,0.505,14.2,73.4,0.213,2014,2
Brooklyn Nets,28.6,38.0,44.0,33,49,-2.88,-0.25,-3.13,104.4,107.4,-3.0,92.7,0.267,0.24,0.529,0.491,13.0,23.9,0.2,0.506,12.9,73.7,0.185,2014,1
Charlotte Hornets,26.0,33.0,49.0,32,50,-3.17,-0.27,-3.44,100.1,103.5,-3.4,93.0,0.269,0.226,0.498,0.456,11.2,22.1,0.202,0.487,12.0,79.3,0.188,2014,0
Denver Nuggets,26.4,30.0,52.0,31,51,-3.55,0.48,-3.07,104.5,108.2,-3.7,96.1,0.278,0.284,0.518,0.479,12.7,26.6,0.204,0.504,13.0,74.7,0.239,2014,0
Sacramento Kings,26.0,29.0,53.0,31,51,-3.71,0.64,-3.07,105.3,109.2,-3.9,95.4,0.363,0.204,0.542,0.49,14.8,26.5,0.276,0.507,11.8,75.2,0.2,2014,0
Orlando Magic,24.3,25.0,57.0,25,57,-5.72,-0.15,-5.87,101.6,107.7,-6.1,93.8,0.23,0.235,0.524,0.494,14.0,23.1,0.168,0.514,13.6,76.0,0.21,2014,0
Los Angeles Lakers,27.0,21.0,61.0,23,59,-6.84,0.67,-6.17,103.4,110.6,-7.2,94.0,0.276,0.22,0.513,0.473,12.1,25.4,0.204,0.518,12.1,76.3,0.231,2014,0
Minnesota Timberwolves,24.4,16.0,66.0,19,63,-8.79,0.79,-8.0,102.9,112.2,-9.3,94.4,0.309,0.179,0.517,0.468,13.7,26.6,0.24,0.537,13.9,71.6,0.187,2014,0
Philadelphia 76ers,23.2,18.0,64.0,18,64,-8.98,-0.07,-9.04,95.5,104.8,-9.3,95.7,0.288,0.319,0.494,0.459,16.0,25.5,0.195,0.497,15.2,73.0,0.225,2014,0
New York Knicks,26.9,17.0,65.0,17,65,-9.32,-0.18,-9.5,99.9,110.0,-10.1,91.2,0.234,0.24,0.508,0.47,14.0,24.5,0.18,0.512,13.3,73.1,0.234,2014,0
San Antonio Spurs,30.3,67.0,15.0,67,15,10.63,-0.36,10.28,110.3,99.0,11.3,93.8,0.246,0.223,0.564,0.526,12.4,23.0,0.197,0.477,14.1,79.1,0.182,2015,1
Golden State Warriors,27.4,73.0,9.0,65,17,10.76,-0.38,10.38,114.5,103.8,10.7,99.3,0.25,0.362,0.593,0.563,13.5,23.5,0.191,0.479,12.6,76.0,0.208,2015,3
Oklahoma City Thunder,25.8,55.0,27.0,59,23,7.28,-0.19,7.09,113.1,105.6,7.5,96.7,0.292,0.275,0.565,0.524,14.0,31.1,0.228,0.484,11.7,76.0,0.205,2015,1
Cleveland Cavaliers,28.1,57.0,25.0,57,25,6.0,-0.55,5.45,110.9,104.5,6.4,93.3,0.259,0.352,0.558,0.524,12.7,25.1,0.194,0.496,12.6,78.5,0.205,2015,2
Toronto Raptors,26.3,56.0,26.0,53,29,4.5,-0.42,4.08,110.0,105.2,4.8,92.9,0.328,0.287,0.552,0.504,12.3,24.6,0.255,0.498,12.7,77.7,0.201,2015,1
Los Angeles Clippers,29.7,53.0,29.0,53,29,4.28,-0.15,4.13,108.3,103.8,4.5,95.8,0.318,0.324,0.556,0.524,12.1,20.1,0.22,0.48,13.8,73.8,0.222,2015,1
Atlanta Hawks,28.2,48.0,34.0,51,31,3.61,-0.12,3.49,105.1,101.4,3.7,97.1,0.237,0.336,0.552,0.516,13.8,19.1,0.185,0.48,14.4,74.6,0.194,2015,1
Boston Celtics,25.2,48.0,34.0,50,32,3.21,-0.37,2.84,106.8,103.6,3.2,98.5,0.264,0.293,0.531,0.488,12.1,25.1,0.208,0.487,14.6,74.6,0.231,2015,1
Charlotte Hornets,26.0,48.0,34.0,49,33,2.72,-0.36,2.36,107.2,104.3,2.9,95.6,0.28,0.348,0.545,0.502,11.7,20.0,0.222,0.496,12.5,79.8,0.191,2015,1
Utah Jazz,24.2,40.0,42.0,46,36,1.79,0.05,1.84,105.9,103.9,2.0,91.0,0.286,0.297,0.54,0.501,14.2,25.9,0.213,0.495,13.5,77.7,0.21,2015,0
Miami Heat,28.4,48.0,34.0,46,36,1.65,-0.14,1.5,106.1,104.4,1.7,93.6,0.282,0.221,0.545,0.508,13.3,23.8,0.21,0.485,12.1,77.8,0.196,2015,1
Indiana Pacers,26.9,45.0,37.0,46,36,1.71,-0.09,1.62,104.6,102.9,1.7,96.6,0.268,0.27,0.536,0.497,13.5,23.4,0.205,0.489,14.3,76.0,0.205,2015,1
Portland Trail Blazers,24.3,44.0,38.0,43,39,0.83,0.15,0.98,108.8,108.0,0.8,96.0,0.268,0.332,0.548,0.511,13.2,25.9,0.202,0.503,12.1,76.2,0.225,2015,1
Detroit Pistons,25.0,44.0,38.0,43,39,0.61,-0.18,0.43,106.1,105.5,0.6,95.1,0.296,0.303,0.522,0.491,12.2,27.0,0.197,0.504,12.5,79.3,0.196,2015,1
Houston Rockets,27.8,41.0,41.0,42,40,0.2,0.14,0.34,108.3,108.1,0.2,97.6,0.352,0.37,0.553,0.516,14.2,25.7,0.244,0.516,14.8,72.8,0.219,2015,1
Dallas Mavericks,30.3,42.0,40.0,40,42,-0.3,0.29,-0.02,106.7,107.0,-0.3,94.3,0.265,0.339,0.544,0.502,12.0,20.6,0.211,0.504,12.8,76.2,0.198,2015,1
Washington Wizards,27.3,41.0,41.0,40,42,-0.5,0.0,-0.5,105.3,105.8,-0.5,98.5,0.263,0.282,0.544,0.511,13.1,20.6,0.192,0.515,14.6,77.7,0.218,2015,0
Chicago Bulls,27.6,42.0,40.0,37,45,-1.48,0.01,-1.46,105.0,106.5,-1.5,95.7,0.24,0.244,0.526,0.487,12.6,24.5,0.189,0.485,10.7,74.9,0.182,2015,0
Orlando Magic,23.9,35.0,47.0,36,46,-1.62,-0.06,-1.68,105.1,106.8,-1.7,96.0,0.232,0.255,0.533,0.5,12.8,23.1,0.175,0.513,13.8,76.5,0.215,2015,0
Sacramento Kings,26.6,33.0,49.0,34,48,-2.48,0.16,-2.32,106.0,108.4,-2.4,100.0,0.295,0.26,0.546,0.51,14.2,23.9,0.214,0.521,14.0,74.9,0.202,2015,0
Memphis Grizzlies,30.5,42.0,40.0,35,47,-2.24,0.11,-2.14,105.4,107.8,-2.4,93.3,0.295,0.222,0.524,0.477,12.3,25.3,0.231,0.518,15.2,75.1,0.251,2015,1
New York Knicks,27.2,32.0,50.0,33,49,-2.73,0.0,-2.74,104.6,107.6,-3.0,93.4,0.255,0.256,0.527,0.483,12.6,23.7,0.205,0.487,10.5,75.8,0.204,2015,0
Denver Nuggets,24.7,33.0,49.0,33,49,-3.1,0.29,-2.81,105.6,108.9,-3.3,95.7,0.282,0.277,0.531,0.489,13.2,25.8,0.216,0.515,12.6,77.3,0.216,2015,0
Minnesota Timberwolves,24.6,29.0,53.0,31,51,-3.54,0.15,-3.38,106.5,110.1,-3.6,95.2,0.332,0.202,0.549,0.498,13.9,24.3,0.263,0.524,13.6,74.7,0.2,2015,0
New Orleans Pelicans,26.6,30.0,52.0,31,51,-3.79,0.24,-3.56,105.6,109.5,-3.9,96.8,0.259,0.277,0.537,0.498,12.3,21.2,0.201,0.523,12.7,78.8,0.225,2015,0
Milwaukee Bucks,23.5,33.0,49.0,29,53,-4.18,0.2,-3.98,104.3,108.7,-4.4,94.2,0.276,0.189,0.537,0.499,14.2,24.9,0.207,0.51,14.2,73.1,0.221,2015,0
Phoenix Suns,26.0,23.0,59.0,24,58,-6.66,0.34,-6.32,102.2,109.0,-6.8,98.5,0.271,0.302,0.526,0.487,15.2,25.4,0.204,0.523,13.5,77.1,0.237,2015,0
Brooklyn Nets,26.9,21.0,61.0,22,60,-7.35,0.24,-7.12,103.2,110.9,-7.7,95.2,0.246,0.218,0.527,0.492,13.6,24.1,0.186,0.534,13.1,75.7,0.176,2015,0
Los Angeles Lakers,26.5,17.0,65.0,17,65,-9.56,0.64,-8.92,101.6,111.6,-10.0,95.6,0.292,0.29,0.509,0.46,12.5,23.1,0.228,0.523,11.6,74.7,0.202,2015,0
Philadelphia 76ers,23.3,10.0,72.0,16,66,-10.23,0.31,-9.92,98.8,109.2,-10.4,97.9,0.269,0.327,0.519,0.487,14.8,20.6,0.186,0.51,13.5,74.0,0.24,2015,0
Golden State Warriors,28.2,67.0,15.0,67,15,11.63,-0.28,11.35,115.6,104.0,11.6,99.8,0.259,0.359,0.597,0.563,13.2,22.8,0.204,0.486,13.5,74.9,0.198,2016,2
San Antonio Spurs,29.6,61.0,21.0,60,22,7.2,-0.06,7.13,111.1,103.5,7.6,94.2,0.263,0.281,0.564,0.524,12.6,24.0,0.21,0.492,13.5,77.6,0.192,2016,1
Houston Rockets,27.4,55.0,27.0,55,27,5.77,0.08,5.84,114.7,109.0,5.7,100.0,0.304,0.462,0.583,0.545,13.3,24.6,0.233,0.519,13.2,75.8,0.194,2016,1
Toronto Raptors,26.1,51.0,31.0,52,30,4.21,-0.56,3.65,112.3,107.8,4.5,94.7,0.293,0.289,0.561,0.517,11.8,25.0,0.233,0.507,13.5,76.3,0.223,2016,1
Los Angeles Clippers,30.0,51.0,31.0,52,30,4.29,0.13,4.42,112.7,108.2,4.5,96.1,0.312,0.329,0.574,0.537,12.0,21.5,0.233,0.506,12.1,76.9,0.211,2016,1
Utah Jazz,26.8,51.0,31.0,52,30,3.94,0.06,4.0,109.6,105.3,4.3,91.6,0.288,0.327,0.563,0.526,13.2,23.2,0.215,0.493,11.8,78.9,0.195,2016,1
Cleveland Cavaliers,29.2,51.0,31.0,49,33,3.18,-0.31,2.87,113.6,110.3,3.3,96.2,0.275,0.399,0.58,0.547,12.6,21.9,0.206,0.516,11.4,75.8,0.174,2016,3
Boston Celtics,25.9,53.0,29.0,48,34,2.63,-0.39,2.25,111.2,108.4,2.8,96.8,0.273,0.393,0.567,0.525,12.2,21.2,0.22,0.503,12.6,75.3,0.223,2016,1
Washington Wizards,26.0,49.0,33.0,46,36,1.8,-0.45,1.36,111.2,109.3,1.9,97.4,0.254,0.284,0.564,0.528,12.8,24.1,0.199,0.524,13.8,75.5,0.213,2016,1
Miami Heat,26.5,41.0,41.0,44,38,1.06,-0.29,0.77,107.8,106.7,1.1,95.2,0.251,0.314,0.541,0.512,12.4,24.2,0.177,0.496,12.6,76.4,0.22,2016,0
Oklahoma City Thunder,24.7,47.0,35.0,43,39,0.76,0.39,1.14,108.3,107.5,0.8,97.8,0.295,0.295,0.54,0.5,13.2,27.9,0.22,0.511,12.5,79.0,0.218,2016,1
Memphis Grizzlies,29.5,43.0,39.0,42,40,0.49,0.47,0.96,107.7,107.1,0.6,92.3,0.28,0.316,0.535,0.491,12.1,24.8,0.219,0.506,13.6,77.5,0.256,2016,1
Denver Nuggets,25.2,40.0,42.0,42,40,0.51,0.19,0.7,113.2,112.7,0.5,98.3,0.276,0.329,0.568,0.53,13.2,27.3,0.214,0.532,10.9,78.7,0.194,2016,0
Chicago Bulls,26.9,41.0,41.0,42,40,0.43,-0.39,0.03,107.4,107.0,0.4,95.3,0.259,0.256,0.53,0.487,12.3,27.0,0.206,0.507,12.4,76.8,0.169,2016,1
Charlotte Hornets,26.5,36.0,46.0,42,40,0.2,-0.26,-0.07,108.8,108.6,0.2,95.7,0.279,0.335,0.547,0.501,10.7,19.9,0.227,0.523,12.1,79.6,0.164,2016,0
Indiana Pacers,27.0,42.0,40.0,40,42,-0.22,-0.42,-0.64,108.6,108.8,-0.2,95.9,0.261,0.272,0.558,0.516,12.8,21.2,0.212,0.512,13.6,75.5,0.225,2016,1
Milwaukee Bucks,25.6,42.0,40.0,40,42,-0.18,-0.26,-0.45,109.1,109.3,-0.2,94.5,0.274,0.29,0.565,0.527,13.2,21.5,0.21,0.518,13.6,75.4,0.215,2016,1
Portland Trail Blazers,24.8,41.0,41.0,40,42,-0.52,0.3,-0.23,110.3,110.8,-0.5,96.7,0.275,0.322,0.559,0.52,12.5,23.0,0.214,0.508,11.6,76.8,0.241,2016,1
Atlanta Hawks,27.9,43.0,39.0,39,43,-0.85,-0.38,-1.23,104.9,105.7,-0.8,97.4,0.295,0.309,0.541,0.504,14.2,23.6,0.215,0.507,13.8,76.1,0.179,2016,1
Detroit Pistons,25.4,37.0,45.0,38,44,-1.12,-0.17,-1.29,106.0,107.1,-1.1,95.0,0.218,0.263,0.521,0.492,10.9,24.1,0.157,0.516,12.1,81.2,0.197,2016,0
Minnesota Timberwolves,24.0,31.0,51.0,38,44,-1.11,0.47,-0.64,110.8,112.0,-1.2,94.6,0.287,0.249,0.555,0.511,12.9,27.2,0.229,0.535,13.2,75.9,0.212,2016,0
New Orleans Pelicans,25.7,34.0,48.0,35,47,-2.1,0.41,-1.69,105.2,107.4,-2.2,98.0,0.256,0.308,0.539,0.504,11.7,18.5,0.192,0.509,12.4,76.8,0.177,2016,0
Dallas Mavericks,27.6,33.0,49.0,33,49,-2.93,0.4,-2.53,105.6,108.8,-3.2,92.2,0.225,0.366,0.541,0.505,11.6,18.1,0.18,0.529,14.4,77.6,0.218,2016,0
New York Knicks,27.3,31.0,51.0,31,51,-3.67,-0.2,-3.87,107.7,111.5,-3.8,96.0,0.239,0.279,0.534,0.496,12.4,26.6,0.188,0.511,11.7,74.1,0.214,2016,0
Sacramento Kings,27.9,32.0,50.0,31,51,-3.88,0.58,-3.29,107.3,111.3,-4.0,94.9,0.284,0.291,0.556,0.516,13.7,21.0,0.22,0.528,12.9,76.3,0.227,2016,0
Phoenix Suns,25.0,24.0,58.0,27,55,-5.63,0.49,-5.14,106.6,112.2,-5.6,100.3,0.297,0.255,0.538,0.493,13.4,26.0,0.231,0.525,13.1,76.4,0.264,2016,0
Philadelphia 76ers,24.6,28.0,54.0,26,56,-5.7,-0.14,-5.83,103.2,108.9,-5.7,98.5,0.258,0.349,0.539,0.501,14.9,22.4,0.199,0.512,13.5,75.3,0.234,2016,0
Brooklyn Nets,26.0,20.0,62.0,24,58,-6.73,-0.01,-6.74,104.1,110.7,-6.6,101.3,0.289,0.371,0.551,0.507,14.7,19.6,0.228,0.513,11.6,76.1,0.212,2016,0
Orlando Magic,25.3,29.0,53.0,24,58,-6.57,-0.04,-6.61,103.7,110.5,-6.8,96.8,0.246,0.3,0.524,0.489,12.1,21.6,0.184,0.523,11.9,77.4,0.201,2016,0
Los Angeles Lakers,25.1,26.0,56.0,24,58,-6.88,0.58,-6.29,106.0,113.0,-7.0,98.5,0.259,0.295,0.537,0.501,13.5,25.0,0.195,0.542,13.0,75.8,0.213,2016,0
Houston Rockets,29.8,65.0,17.0,61,21,8.48,-0.27,8.21,114.7,106.1,8.6,97.6,0.298,0.502,0.59,0.551,12.7,21.3,0.233,0.521,13.4,79.9,0.171,2017,1
Toronto Raptors,25.8,59.0,23.0,60,22,7.78,-0.49,7.29,113.8,105.9,7.9,97.4,0.25,0.377,0.575,0.539,12.1,23.0,0.198,0.501,13.0,77.7,0.212,2017,1
Golden State Warriors,28.8,58.0,24.0,56,26,5.98,-0.19,5.79,113.6,107.7,5.9,99.6,0.239,0.339,0.603,0.569,14.1,21.0,0.195,0.504,12.6,76.3,0.186,2017,3
Utah Jazz,26.7,48.0,34.0,53,29,4.3,0.17,4.47,108.4,103.9,4.5,95.7,0.26,0.357,0.564,0.527,13.7,21.5,0.202,0.506,14.0,79.8,0.19,2017,1
Philadelphia 76ers,25.8,52.0,30.0,53,29,4.5,-0.2,4.3,109.5,105.0,4.5,99.8,0.263,0.344,0.568,0.535,14.6,25.3,0.198,0.492,12.6,78.6,0.218,2017,1
Boston Celtics,24.7,55.0,27.0,51,31,3.59,-0.35,3.23,107.6,103.9,3.7,96.0,0.243,0.357,0.552,0.518,12.9,21.5,0.188,0.495,13.0,78.4,0.191,2017,1
Oklahoma City Thunder,27.3,48.0,34.0,50,32,3.41,0.0,3.42,110.7,107.2,3.5,96.7,0.275,0.345,0.546,0.514,12.4,27.7,0.197,0.525,14.7,77.4,0.193,2017,1
San Antonio Spurs,29.3,47.0,35.0,49,33,2.89,0.0,2.89,107.9,104.8,3.1,95.0,0.245,0.282,0.543,0.507,12.2,23.7,0.189,0.507,13.2,78.6,0.17,2017,1
Portland Trail Blazers,25.6,49.0,33.0,48,34,2.6,0.0,2.6,109.1,106.4,2.7,96.5,0.24,0.324,0.549,0.511,12.3,23.3,0.192,0.503,11.7,79.1,0.193,2017,1
Minnesota Timberwolves,27.1,47.0,35.0,47,35,2.23,0.12,2.35,113.4,111.1,2.3,96.0,0.28,0.261,0.566,0.523,11.4,24.4,0.225,0.539,13.9,76.4,0.189,2017,1
Denver Nuggets,25.1,46.0,36.0,45,37,1.48,0.09,1.57,112.5,111.0,1.5,96.8,0.258,0.357,0.57,0.536,13.4,25.7,0.198,0.539,12.6,77.5,0.173,2017,0
Indiana Pacers,26.2,48.0,34.0,45,37,1.38,-0.2,1.18,109.5,108.1,1.4,96.0,0.222,0.284,0.557,0.525,12.3,22.7,0.173,0.527,14.2,76.2,0.174,2017,1
New Orleans Pelicans,27.6,48.0,34.0,44,38,1.3,0.18,1.48,109.6,108.3,1.3,100.5,0.237,0.319,0.573,0.541,13.3,20.0,0.183,0.513,12.5,76.7,0.175,2017,1
Cleveland Cavaliers,30.6,50.0,32.0,43,39,0.94,-0.35,0.59,112.9,111.9,1.0,98.0,0.275,0.379,0.584,0.547,12.6,20.1,0.214,0.54,12.2,77.3,0.166,2017,2
Washington Wizards,26.9,43.0,39.0,43,39,0.59,-0.06,0.53,109.3,108.7,0.6,96.6,0.254,0.31,0.56,0.525,13.3,23.5,0.196,0.522,13.6,77.1,0.212,2017,1
Miami Heat,26.5,44.0,38.0,42,40,0.48,-0.33,0.15,106.8,106.3,0.5,95.6,0.229,0.358,0.551,0.52,13.3,21.5,0.173,0.507,13.1,79.0,0.215,2017,1
Charlotte Hornets,26.6,36.0,46.0,42,40,0.26,-0.19,0.07,109.4,109.1,0.3,98.4,0.312,0.314,0.549,0.508,11.4,22.2,0.233,0.532,12.4,80.7,0.165,2017,0
Los Angeles Clippers,27.0,42.0,40.0,41,41,0.04,0.11,0.15,110.3,110.2,0.1,98.7,0.299,0.314,0.564,0.527,13.2,23.5,0.222,0.52,12.6,76.1,0.203,2017,0
Detroit Pistons,25.9,39.0,43.0,41,41,-0.15,-0.11,-0.26,107.2,107.3,-0.1,96.2,0.227,0.333,0.543,0.512,12.3,22.7,0.169,0.524,13.7,78.5,0.172,2017,0
Milwaukee Bucks,25.9,44.0,38.0,40,42,-0.3,-0.15,-0.45,109.8,110.1,-0.3,96.3,0.281,0.297,0.571,0.531,12.9,20.4,0.22,0.528,14.2,75.9,0.22,2017,1
Los Angeles Lakers,23.7,35.0,47.0,37,45,-1.55,0.11,-1.44,106.5,108.0,-1.5,100.3,0.264,0.329,0.548,0.517,13.8,23.6,0.188,0.514,12.5,77.7,0.19,2017,0
Dallas Mavericks,27.7,24.0,58.0,33,49,-3.04,0.34,-2.7,106.3,109.5,-3.2,95.6,0.217,0.382,0.544,0.513,11.5,18.0,0.166,0.532,12.8,78.9,0.193,2017,0
New York Knicks,26.3,29.0,53.0,32,50,-3.56,0.03,-3.53,107.1,110.7,-3.6,96.8,0.216,0.266,0.544,0.51,13.3,24.1,0.17,0.522,12.1,76.7,0.208,2017,0
Brooklyn Nets,25.1,28.0,54.0,31,51,-3.74,0.07,-3.67,106.9,110.6,-3.7,98.9,0.26,0.411,0.551,0.514,13.6,21.0,0.201,0.517,11.0,77.0,0.201,2017,0
Orlando Magic,25.6,25.0,57.0,28,54,-4.82,-0.1,-4.92,105.2,110.1,-4.9,98.1,0.238,0.342,0.545,0.512,13.3,20.0,0.18,0.525,12.8,75.6,0.187,2017,0
Atlanta Hawks,25.4,24.0,58.0,27,55,-5.45,0.15,-5.3,105.0,110.6,-5.6,98.3,0.236,0.363,0.547,0.512,14.1,21.1,0.185,0.536,13.6,76.2,0.183,2017,0
Memphis Grizzlies,26.0,22.0,60.0,25,57,-6.21,0.39,-5.81,104.5,111.0,-6.5,94.9,0.255,0.317,0.539,0.5,14.0,22.4,0.201,0.529,13.8,76.5,0.256,2017,0
Chicago Bulls,24.4,27.0,55.0,23,59,-7.04,0.2,-6.84,103.8,110.9,-7.1,98.3,0.216,0.35,0.529,0.497,12.6,20.6,0.164,0.542,12.4,80.6,0.184,2017,0
Sacramento Kings,26.4,27.0,55.0,23,59,-6.99,0.39,-6.6,103.7,111.1,-7.4,94.9,0.194,0.278,0.529,0.502,12.8,21.5,0.143,0.542,13.5,77.6,0.199,2017,0
Phoenix Suns,23.7,21.0,61.0,19,63,-9.37,0.57,-8.8,103.5,112.9,-9.4,100.3,0.275,0.32,0.532,0.495,13.9,22.5,0.203,0.533,11.9,76.5,0.212,2017,0
Milwaukee Bucks,26.9,60.0,22.0,61,21,8.87,-0.82,8.04,113.8,105.2,8.6,103.3,0.255,0.419,0.583,0.55,12.0,20.8,0.197,0.503,11.5,80.3,0.162,2018,1
Golden State Warriors,28.4,57.0,25.0,56,26,6.46,-0.04,6.42,115.9,109.5,6.4,100.9,0.227,0.384,0.596,0.565,12.6,22.5,0.182,0.508,11.7,77.1,0.205,2018,3
Toronto Raptors,27.3,58.0,24.0,56,26,6.09,-0.6,5.49,113.1,107.1,6.0,100.2,0.247,0.379,0.579,0.543,12.4,21.9,0.198,0.509,13.1,77.1,0.19,2018,1
Utah Jazz,27.3,50.0,32.0,54,28,5.26,0.03,5.28,110.9,105.7,5.2,100.3,0.295,0.394,0.572,0.538,13.4,22.9,0.217,0.507,12.4,80.3,0.189,2018,1
Houston Rockets,29.2,53.0,29.0,53,29,4.77,0.19,4.96,115.5,110.7,4.8,97.9,0.279,0.519,0.581,0.542,12.0,22.8,0.221,0.525,13.4,74.4,0.21,2018,1
Boston Celtics,25.7,49.0,33.0,52,30,4.44,-0.54,3.9,112.2,107.8,4.4,99.6,0.215,0.381,0.567,0.534,11.5,21.6,0.173,0.514,13.4,77.0,0.198,2018,1
Portland Trail Blazers,26.2,53.0,29.0,51,31,4.2,0.24,4.43,114.7,110.5,4.2,99.1,0.258,0.339,0.568,0.528,12.1,26.6,0.21,0.516,11.0,77.9,0.195,2018,1
Denver Nuggets,24.9,54.0,28.0,51,31,3.95,0.24,4.19,113.0,108.9,4.1,97.7,0.232,0.348,0.558,0.527,11.9,26.6,0.175,0.521,12.3,78.0,0.194,2018,1
Indiana Pacers,27.0,48.0,34.0,50,32,3.33,-0.57,2.76,109.9,106.5,3.4,98.1,0.242,0.292,0.561,0.53,12.4,21.9,0.182,0.516,14.1,76.2,0.184,2018,1
Oklahoma City Thunder,25.7,49.0,33.0,50,32,3.4,0.15,3.56,110.3,107.0,3.3,102.8,0.266,0.347,0.545,0.514,11.7,26.0,0.19,0.523,14.4,78.2,0.206,2018,1
Philadelphia 76ers,26.4,51.0,31.0,48,34,2.7,-0.44,2.25,112.6,110.0,2.6,101.6,0.312,0.342,0.574,0.532,12.9,24.5,0.241,0.512,11.1,78.6,0.206,2018,1
San Antonio Spurs,28.8,48.0,34.0,45,37,1.68,0.12,1.8,112.9,111.2,1.7,98.3,0.237,0.286,0.572,0.534,11.0,21.0,0.194,0.528,11.0,79.4,0.17,2018,1
Los Angeles Clippers,27.2,48.0,34.0,43,39,0.85,0.23,1.09,112.4,111.5,0.9,101.7,0.326,0.295,0.575,0.529,12.7,22.0,0.258,0.514,11.4,76.0,0.224,2018,1
Orlando Magic,25.7,42.0,40.0,43,39,0.71,-0.43,0.28,108.9,108.1,0.8,98.1,0.216,0.36,0.55,0.518,11.9,22.0,0.168,0.515,11.8,79.7,0.186,2018,1
Brooklyn Nets,25.4,42.0,40.0,41,41,-0.07,-0.33,-0.4,109.6,109.7,-0.1,100.8,0.284,0.403,0.556,0.52,13.0,23.8,0.211,0.512,11.6,76.4,0.19,2018,1
Detroit Pistons,26.9,41.0,41.0,40,42,-0.24,-0.31,-0.56,109.0,109.2,-0.2,97.4,0.262,0.394,0.544,0.509,12.3,24.8,0.195,0.526,12.8,78.7,0.211,2018,1
Miami Heat,27.0,39.0,43.0,40,42,-0.23,-0.22,-0.45,107.3,107.6,-0.3,98.2,0.247,0.368,0.542,0.515,13.1,24.8,0.172,0.51,12.7,77.6,0.201,2018,0
Sacramento Kings,24.8,39.0,43.0,38,44,-1.12,0.31,-0.81,110.4,111.5,-1.1,103.1,0.244,0.321,0.554,0.524,11.5,23.1,0.177,0.533,13.6,75.5,0.207,2018,0
Charlotte Hornets,26.6,39.0,43.0,38,44,-1.1,-0.22,-1.32,111.4,112.5,-1.1,98.7,0.257,0.378,0.554,0.514,10.9,21.7,0.205,0.538,12.1,77.1,0.179,2018,0
New Orleans Pelicans,25.7,33.0,49.0,38,44,-1.33,0.23,-1.1,111.4,112.6,-1.2,103.3,0.254,0.324,0.563,0.529,12.6,24.1,0.193,0.532,11.6,76.8,0.193,2018,0
Dallas Mavericks,26.9,33.0,49.0,38,44,-1.28,0.42,-0.87,109.4,110.7,-1.3,99.0,0.291,0.422,0.555,0.519,12.7,22.7,0.216,0.522,11.6,77.5,0.191,2018,0
Minnesota Timberwolves,26.2,36.0,46.0,37,45,-1.5,0.48,-1.02,111.4,112.9,-1.5,100.2,0.267,0.315,0.552,0.511,11.4,24.6,0.21,0.538,12.9,74.9,0.19,2018,0
Los Angeles Lakers,26.2,37.0,45.0,37,45,-1.72,0.39,-1.33,107.8,109.5,-1.7,103.2,0.257,0.342,0.554,0.527,13.4,22.2,0.18,0.516,12.2,76.4,0.192,2018,0
Memphis Grizzlies,27.7,33.0,49.0,34,48,-2.6,0.51,-2.08,106.1,108.8,-2.7,96.6,0.272,0.342,0.548,0.508,12.9,20.0,0.21,0.521,13.9,77.6,0.232,2018,0
Washington Wizards,26.5,32.0,50.0,34,48,-2.9,-0.4,-3.3,111.1,113.9,-2.8,101.4,0.266,0.37,0.567,0.531,12.3,21.3,0.204,0.546,13.5,74.1,0.199,2018,0
Atlanta Hawks,25.1,29.0,53.0,27,55,-6.02,-0.04,-6.06,108.1,113.9,-5.8,103.9,0.255,0.403,0.555,0.522,14.3,24.7,0.192,0.541,12.8,76.4,0.237,2018,0
Chicago Bulls,24.0,22.0,60.0,21,61,-8.41,0.1,-8.32,104.8,113.2,-8.4,99.0,0.235,0.295,0.541,0.505,12.7,19.4,0.184,0.541,11.9,77.3,0.188,2018,0
New York Knicks,23.4,17.0,65.0,19,63,-9.21,0.28,-8.93,104.5,113.7,-9.2,99.6,0.27,0.334,0.529,0.49,12.4,22.1,0.205,0.533,11.7,76.1,0.203,2018,0
Phoenix Suns,24.0,19.0,63.0,19,63,-9.34,0.73,-8.61,105.9,115.1,-9.2,100.5,0.259,0.335,0.552,0.514,13.8,20.5,0.202,0.545,13.5,72.5,0.236,2018,0
Cleveland Cavaliers,25.2,19.0,63.0,19,63,-9.61,0.22,-9.39,107.7,117.6,-9.9,96.6,0.236,0.332,0.54,0.503,12.2,23.7,0.187,0.564,11.5,77.0,0.181,2018,2
Milwaukee Bucks,29.2,56.0,17.0,57,16,10.08,-0.67,9.41,112.4,102.9,9.5,105.1,0.271,0.428,0.583,0.552,12.9,20.7,0.201,0.489,12.0,81.6,0.178,2019,1
Boston Celtics,25.3,48.0,24.0,50,22,6.31,-0.47,5.83,113.3,107.0,6.3,99.5,0.259,0.386,0.57,0.531,12.2,23.9,0.207,0.509,13.5,77.4,0.215,2019,1
Los Angeles Clippers,27.4,49.0,23.0,50,22,6.44,0.21,6.66,113.9,107.6,6.3,101.5,0.295,0.375,0.577,0.535,12.6,23.5,0.233,0.506,12.2,77.6,0.206,2019,1
Toronto Raptors,26.6,53.0,19.0,50,22,6.24,-0.26,5.97,111.1,105.0,6.1,100.9,0.264,0.421,0.574,0.536,13.1,21.3,0.21,0.502,14.6,76.7,0.202,2019,3
Los Angeles Lakers,29.5,52.0,19.0,48,23,5.79,0.49,6.28,112.0,106.3,5.7,100.9,0.276,0.358,0.573,0.542,13.3,24.5,0.201,0.515,14.1,78.8,0.205,2019,1
Dallas Mavericks,26.1,43.0,32.0,49,26,4.95,-0.07,4.87,116.7,111.7,5.0,99.3,0.264,0.457,0.581,0.545,11.2,23.2,0.206,0.525,10.6,77.7,0.175,2019,1
Miami Heat,25.9,44.0,29.0,43,30,2.95,-0.35,2.59,112.5,109.5,3.0,98.3,0.299,0.419,0.587,0.547,13.5,20.3,0.234,0.523,12.6,79.5,0.213,2019,1
Houston Rockets,29.2,44.0,28.0,42,30,2.96,0.17,3.13,112.9,110.1,2.8,103.7,0.288,0.501,0.578,0.537,12.6,21.0,0.228,0.529,13.7,75.6,0.197,2019,1
Utah Jazz,27.3,44.0,28.0,42,30,2.47,0.05,2.52,112.3,109.9,2.4,98.6,0.268,0.414,0.585,0.549,13.7,21.6,0.208,0.518,11.1,78.9,0.185,2019,1
Philadelphia 76ers,26.3,43.0,30.0,42,31,2.38,-0.13,2.25,111.3,109.0,2.3,99.0,0.255,0.36,0.566,0.534,12.7,23.9,0.193,0.523,12.5,80.3,0.214,2019,1
Denver Nuggets,25.6,46.0,27.0,41,32,2.11,0.24,2.35,113.1,111.0,2.1,97.1,0.235,0.344,0.567,0.535,12.3,24.8,0.183,0.533,12.9,76.8,0.198,2019,1
Indiana Pacers,25.6,45.0,28.0,41,32,1.96,-0.33,1.63,110.0,108.0,2.0,98.9,0.216,0.317,0.565,0.534,12.0,20.0,0.17,0.511,13.0,76.7,0.192,2019,1
Oklahoma City Thunder,25.5,44.0,28.0,41,31,1.99,0.34,2.33,110.8,108.8,2.0,98.8,0.29,0.353,0.573,0.53,12.4,19.3,0.231,0.518,12.6,76.8,0.173,2019,1
Phoenix Suns,24.6,34.0,39.0,37,36,0.22,0.35,0.56,111.7,111.4,0.3,101.3,0.271,0.361,0.576,0.532,13.0,22.2,0.226,0.539,13.7,78.8,0.221,2019,0
Brooklyn Nets,26.3,35.0,37.0,35,37,-0.57,-0.44,-1.01,108.9,109.5,-0.6,101.4,0.267,0.423,0.554,0.52,13.1,23.2,0.199,0.511,11.0,77.8,0.187,2019,1
Orlando Magic,26.1,33.0,40.0,34,39,-1.01,0.09,-0.93,108.5,109.5,-1.0,98.6,0.256,0.364,0.544,0.506,11.5,22.3,0.198,0.535,13.2,79.1,0.176,2019,1
San Antonio Spurs,27.6,32.0,39.0,33,38,-1.11,0.46,-0.65,112.4,113.5,-1.1,100.5,0.262,0.318,0.572,0.531,11.2,20.1,0.212,0.542,11.7,79.2,0.193,2019,0
Memphis Grizzlies,24.1,34.0,39.0,34,39,-1.07,0.16,-0.91,109.2,110.3,-1.1,102.8,0.24,0.346,0.561,0.528,13.2,23.0,0.183,0.521,12.7,77.8,0.217,2019,0
Portland Trail Blazers,27.5,35.0,39.0,34,40,-1.15,0.54,-0.61,113.7,114.8,-1.1,100.7,0.242,0.374,0.57,0.533,11.2,22.4,0.194,0.53,11.2,75.3,0.208,2019,1
New Orleans Pelicans,25.4,30.0,42.0,33,39,-1.29,0.74,-0.55,110.7,111.9,-1.2,103.7,0.256,0.403,0.568,0.539,13.9,24.2,0.186,0.532,12.4,77.8,0.212,2019,0
Sacramento Kings,27.0,31.0,41.0,31,41,-2.04,0.46,-1.59,110.2,112.2,-2.0,98.9,0.23,0.395,0.566,0.534,13.0,21.9,0.177,0.543,13.6,78.4,0.225,2019,0
Chicago Bulls,24.4,22.0,43.0,26,39,-3.08,-0.93,-4.0,106.7,109.8,-3.1,99.7,0.231,0.396,0.547,0.515,13.7,22.8,0.175,0.546,16.3,75.6,0.239,2019,0
Detroit Pistons,25.9,20.0,46.0,26,40,-3.56,-0.82,-4.38,109.0,112.7,-3.7,97.6,0.261,0.381,0.561,0.529,13.8,22.6,0.194,0.541,12.7,75.9,0.186,2019,0
Minnesota Timberwolves,24.8,19.0,45.0,24,40,-4.3,0.28,-4.02,108.1,112.2,-4.1,103.4,0.277,0.433,0.551,0.514,13.0,22.1,0.209,0.541,13.2,77.2,0.218,2019,0
Washington Wizards,25.1,25.0,47.0,26,46,-4.67,-0.57,-5.24,110.9,115.5,-4.6,102.7,0.27,0.358,0.562,0.523,12.2,22.2,0.213,0.558,13.9,75.3,0.231,2019,0
New York Knicks,24.5,21.0,45.0,20,46,-6.45,-0.26,-6.72,106.5,113.0,-6.5,98.6,0.263,0.318,0.531,0.501,12.6,25.8,0.182,0.541,12.4,78.3,0.224,2019,0
Charlotte Hornets,24.3,23.0,42.0,19,46,-6.75,-0.28,-7.03,106.3,113.3,-7.0,95.8,0.252,0.399,0.539,0.504,13.3,23.9,0.188,0.546,13.1,74.4,0.159,2019,0
Atlanta Hawks,24.1,20.0,47.0,18,49,-7.97,0.27,-7.71,107.2,114.8,-7.6,103.0,0.258,0.398,0.554,0.515,13.8,21.6,0.204,0.543,12.7,74.9,0.233,2019,0
Cleveland Cavaliers,25.0,19.0,46.0,18,47,-7.89,0.12,-7.77,107.5,115.4,-7.9,98.7,0.227,0.362,0.553,0.522,14.6,24.6,0.172,0.56,11.7,77.4,0.164,2019,0
Golden State Warriors,24.4,15.0,50.0,16,49,-8.71,0.59,-8.12,105.2,113.8,-8.6,100.3,0.264,0.355,0.54,0.497,13.2,21.5,0.212,0.553,13.7,76.4,0.193,2019,2
Utah Jazz,28.5,52.0,20.0,55,17,9.25,-0.29,8.97,117.6,108.3,9.3,98.5,0.244,0.488,0.597,0.563,12.7,24.5,0.195,0.507,10.3,79.3,0.159,2020,1
Los Angeles Clippers,28.8,47.0,25.0,49,23,6.18,-0.16,6.02,117.6,111.2,6.4,96.9,0.222,0.4,0.599,0.564,12.2,22.7,0.186,0.531,11.9,79.1,0.186,2020,1
Phoenix Suns,26.6,51.0,21.0,49,23,5.82,-0.15,5.67,117.2,111.3,5.9,97.2,0.212,0.392,0.597,0.564,11.5,20.8,0.177,0.534,12.4,78.5,0.194,2020,1
Milwaukee Bucks,28.1,46.0,26.0,48,24,5.89,-0.32,5.57,117.2,111.4,5.8,102.2,0.233,0.404,0.593,0.566,12.0,23.3,0.177,0.536,11.5,79.7,0.157,2020,1
Philadelphia 76ers,27.1,49.0,23.0,48,24,5.58,-0.31,5.28,113.2,107.6,5.6,99.5,0.293,0.347,0.579,0.541,12.8,23.2,0.225,0.521,13.8,78.2,0.2,2020,1
Denver Nuggets,26.1,47.0,25.0,47,25,4.93,-0.11,4.82,117.1,112.1,5.0,97.1,0.219,0.383,0.588,0.557,12.1,24.7,0.176,0.545,12.9,78.9,0.2,2020,1
Brooklyn Nets,28.2,48.0,24.0,46,26,4.5,-0.27,4.24,118.3,113.8,4.5,99.5,0.258,0.413,0.61,0.575,12.2,21.4,0.208,0.531,11.1,77.3,0.187,2020,1
Los Angeles Lakers,28.2,42.0,30.0,42,30,2.79,-0.03,2.77,109.9,107.1,2.8,98.7,0.271,0.363,0.569,0.536,13.6,22.5,0.2,0.526,13.7,79.7,0.184,2020,3
Dallas Mavericks,26.3,42.0,30.0,41,31,2.26,-0.01,2.26,115.4,113.0,2.4,97.3,0.242,0.436,0.582,0.55,11.1,21.1,0.189,0.534,11.5,77.8,0.197,2020,1
New York Knicks,25.6,41.0,31.0,41,31,2.31,-0.18,2.13,110.6,108.2,2.4,95.9,0.242,0.347,0.559,0.524,11.9,21.9,0.19,0.509,11.7,78.6,0.196,2020,1
Atlanta Hawks,25.4,41.0,31.0,41,31,2.32,-0.18,2.14,115.7,113.3,2.4,97.6,0.278,0.382,0.581,0.539,11.9,24.4,0.226,0.53,11.1,77.8,0.19,2020,1
Portland Trail Blazers,27.4,42.0,30.0,40,32,1.79,0.01,1.81,117.8,116.0,1.8,98.4,0.238,0.448,0.577,0.54,9.9,23.0,0.195,0.546,11.2,77.5,0.203,2020,1
Boston Celtics,25.1,36.0,36.0,39,33,1.46,-0.14,1.32,114.0,112.5,1.5,98.3,0.234,0.409,0.574,0.543,12.5,24.3,0.181,0.539,12.8,78.1,0.215,2020,1
Golden State Warriors,26.7,39.0,33.0,38,34,1.06,0.04,1.1,111.1,110.1,1.0,102.2,0.239,0.439,0.583,0.551,13.3,17.9,0.188,0.522,13.1,76.6,0.223,2020,0
Memphis Grizzlies,24.2,38.0,34.0,38,34,1.03,0.04,1.07,112.0,111.0,1.0,100.4,0.232,0.342,0.56,0.528,11.6,24.2,0.179,0.535,13.1,78.3,0.196,2020,1
Miami Heat,27.4,40.0,32.0,36,36,0.03,-0.09,-0.06,111.2,111.2,0.0,96.6,0.252,0.432,0.581,0.546,13.1,19.4,0.199,0.542,13.8,77.9,0.183,2020,2
Indiana Pacers,26.5,34.0,38.0,36,36,-0.04,-0.08,-0.13,112.4,112.4,0.0,101.6,0.227,0.372,0.575,0.542,11.9,20.2,0.18,0.531,12.7,74.9,0.201,2020,0
New Orleans Pelicans,24.8,31.0,41.0,35,37,-0.29,0.1,-0.2,113.5,113.8,-0.3,100.1,0.293,0.342,0.57,0.537,12.7,26.3,0.214,0.55,11.9,80.0,0.186,2020,0
Toronto Raptors,26.6,27.0,45.0,35,37,-0.47,-0.07,-0.54,112.0,112.5,-0.5,99.2,0.241,0.444,0.567,0.529,11.9,20.8,0.196,0.543,14.4,76.3,0.234,2020,0
Chicago Bulls,25.6,31.0,41.0,34,38,-0.89,-0.05,-0.94,111.1,112.0,-0.9,99.0,0.197,0.383,0.575,0.547,13.6,22.3,0.156,0.538,11.6,80.3,0.196,2020,0
San Antonio Spurs,26.2,33.0,39.0,32,40,-1.74,0.15,-1.58,111.0,112.8,-1.8,98.9,0.243,0.314,0.554,0.517,10.2,20.0,0.192,0.541,11.8,77.3,0.174,2020,0
Washington Wizards,26.6,34.0,38.0,32,40,-1.83,-0.01,-1.85,111.2,113.0,-1.8,104.1,0.288,0.319,0.569,0.531,12.3,21.3,0.221,0.539,12.5,77.6,0.217,2020,1
Charlotte Hornets,24.6,33.0,39.0,32,40,-1.93,-0.01,-1.94,110.9,112.8,-1.9,98.3,0.238,0.422,0.564,0.532,13.3,23.5,0.181,0.55,13.2,75.7,0.163,2020,0
Sacramento Kings,25.6,31.0,41.0,28,44,-3.68,0.23,-3.45,113.6,117.2,-3.6,100.0,0.248,0.376,0.578,0.549,12.0,21.3,0.185,0.557,12.1,75.0,0.199,2020,0
Detroit Pistons,24.5,20.0,52.0,26,46,-4.47,0.09,-4.38,108.0,112.5,-4.5,97.9,0.273,0.385,0.556,0.519,13.5,21.9,0.207,0.541,12.6,76.9,0.195,2020,0
Minnesota Timberwolves,23.2,23.0,49.0,24,48,-5.56,0.31,-5.25,109.5,115.0,-5.5,101.6,0.254,0.413,0.555,0.52,12.4,22.7,0.193,0.556,13.3,76.8,0.207,2020,0
Houston Rockets,26.5,17.0,55.0,20,52,-7.9,0.4,-7.5,107.1,114.9,-7.8,101.4,0.252,0.459,0.553,0.521,13.0,19.8,0.187,0.555,12.9,77.1,0.201,2020,0
Cleveland Cavaliers,24.0,22.0,50.0,18,54,-8.44,0.25,-8.19,105.8,114.4,-8.6,97.3,0.261,0.347,0.543,0.508,13.9,23.6,0.194,0.556,13.0,76.6,0.183,2020,0
Orlando Magic,25.6,21.0,51.0,17,55,-9.31,0.29,-9.02,105.1,114.5,-9.4,98.7,0.24,0.356,0.527,0.49,11.5,21.6,0.186,0.547,11.5,78.2,0.169,2020,0
Oklahoma City Thunder,22.8,22.0,50.0,15,57,-10.64,0.51,-10.13,103.5,114.0,-10.5,101.0,0.242,0.399,0.539,0.509,14.2,21.2,0.176,0.547,11.5,77.9,0.167,2020,0
Boston Celtics,26.1,51.0,31.0,59,23,7.28,-0.26,7.02,114.4,106.9,7.5,96.6,0.239,0.425,0.578,0.542,12.4,24.0,0.195,0.502,12.5,77.3,0.183,2021,1
Phoenix Suns,27.5,64.0,18.0,59,23,7.5,-0.56,6.94,114.8,107.3,7.5,99.8,0.221,0.354,0.581,0.549,11.6,22.3,0.176,0.51,13.0,77.1,0.195,2021,2
Utah Jazz,29.3,49.0,33.0,56,26,6.04,-0.37,5.67,116.7,110.5,6.2,97.1,0.271,0.468,0.589,0.555,12.7,25.4,0.208,0.521,10.9,78.3,0.164,2021,1
Memphis Grizzlies,24.0,56.0,26.0,55,27,5.68,-0.32,5.37,114.6,109.0,5.6,100.3,0.245,0.346,0.553,0.522,11.2,30.0,0.18,0.523,13.3,77.8,0.195,2021,1
Golden State Warriors,27.6,53.0,29.0,55,27,5.54,-0.02,5.52,112.5,106.9,5.6,98.4,0.235,0.456,0.582,0.552,13.5,22.8,0.181,0.509,13.0,78.7,0.201,2021,1
Miami Heat,28.2,53.0,29.0,53,29,4.45,-0.22,4.23,113.7,109.1,4.6,95.9,0.252,0.422,0.584,0.547,13.4,23.5,0.204,0.524,13.8,78.0,0.209,2021,1
Dallas Mavericks,26.7,52.0,30.0,50,32,3.3,-0.18,3.12,112.8,109.4,3.4,95.4,0.249,0.439,0.572,0.538,11.7,21.3,0.192,0.521,12.2,78.0,0.185,2021,1
Milwaukee Bucks,28.5,51.0,31.0,49,33,3.35,-0.14,3.22,115.1,111.8,3.3,99.9,0.257,0.43,0.58,0.546,11.9,23.0,0.199,0.536,11.6,78.6,0.165,2021,3
Philadelphia 76ers,26.8,51.0,31.0,48,34,2.61,-0.04,2.57,113.5,110.8,2.7,96.2,0.282,0.376,0.578,0.534,11.6,20.1,0.232,0.524,12.1,76.8,0.192,2021,1
Minnesota Timberwolves,24.2,46.0,36.0,48,34,2.63,-0.1,2.53,114.3,111.7,2.6,100.9,0.254,0.454,0.573,0.539,12.4,24.4,0.198,0.535,14.2,74.9,0.227,2021,1
Denver Nuggets,27.7,48.0,34.0,47,35,2.3,-0.15,2.16,114.5,112.1,2.4,97.8,0.244,0.416,0.59,0.556,13.2,21.9,0.194,0.537,11.7,78.3,0.188,2021,1
Toronto Raptors,24.8,48.0,34.0,47,35,2.29,0.08,2.38,112.9,110.5,2.4,96.0,0.234,0.375,0.543,0.51,11.0,28.4,0.177,0.535,14.4,75.6,0.199,2021,1
Cleveland Cavaliers,24.7,44.0,38.0,47,35,2.12,-0.08,2.04,111.9,109.7,2.2,96.1,0.261,0.387,0.571,0.538,13.2,24.0,0.198,0.52,12.3,76.5,0.172,2021,0
Atlanta Hawks,26.1,43.0,39.0,45,37,1.56,-0.01,1.55,116.5,114.9,1.6,97.7,0.253,0.39,0.581,0.543,10.8,23.0,0.205,0.543,11.5,76.9,0.177,2021,1
Brooklyn Nets,29.1,44.0,38.0,43,39,0.78,0.04,0.82,113.6,112.8,0.8,99.0,0.246,0.359,0.576,0.54,12.5,23.9,0.198,0.521,11.7,75.1,0.201,2021,1
Charlotte Hornets,25.5,43.0,39.0,42,40,0.44,0.09,0.53,114.1,113.7,0.4,100.0,0.234,0.418,0.572,0.544,11.6,23.3,0.173,0.544,13.1,74.8,0.187,2021,0
San Antonio Spurs,24.5,34.0,48.0,41,41,0.12,-0.1,0.02,112.4,112.3,0.1,100.0,0.22,0.345,0.556,0.527,11.1,23.7,0.166,0.532,12.1,75.1,0.176,2021,0
Los Angeles Clippers,27.5,42.0,40.0,41,41,0.02,0.06,0.09,110.1,110.1,0.0,98.0,0.224,0.391,0.564,0.531,12.5,20.6,0.178,0.514,12.0,74.4,0.167,2021,0
New York Knicks,26.0,37.0,45.0,41,41,-0.12,0.11,-0.01,110.4,110.5,-0.1,95.9,0.28,0.428,0.55,0.513,12.0,25.1,0.208,0.521,11.7,78.8,0.198,2021,0
Chicago Bulls,26.3,46.0,36.0,40,42,-0.39,0.02,-0.38,113.2,113.6,-0.4,98.3,0.248,0.332,0.579,0.541,11.8,20.4,0.201,0.541,11.9,78.3,0.199,2021,1
New Orleans Pelicans,25.6,36.0,46.0,38,44,-0.99,0.15,-0.84,112.0,113.0,-1.0,97.2,0.264,0.365,0.557,0.517,12.5,26.9,0.208,0.547,13.0,78.2,0.196,2021,1
Los Angeles Lakers,30.2,33.0,49.0,33,49,-3.05,-0.03,-3.08,110.3,113.3,-3.0,100.1,0.259,0.388,0.567,0.537,12.8,21.1,0.19,0.54,12.2,75.8,0.192,2021,0
Washington Wizards,25.9,35.0,47.0,32,50,-3.38,0.15,-3.23,111.1,114.5,-3.4,97.0,0.252,0.356,0.568,0.532,12.1,20.9,0.197,0.529,10.7,76.9,0.202,2021,0
Indiana Pacers,26.0,25.0,57.0,32,50,-3.48,0.22,-3.26,112.6,116.1,-3.5,98.0,0.239,0.395,0.564,0.531,12.7,25.5,0.184,0.552,11.9,76.2,0.204,2021,0
Sacramento Kings,25.8,30.0,52.0,28,54,-5.46,0.2,-5.26,109.9,115.3,-5.4,99.8,0.264,0.377,0.561,0.525,12.5,21.3,0.203,0.551,11.9,76.0,0.176,2021,0
Detroit Pistons,23.6,23.0,59.0,22,60,-7.72,0.37,-7.36,106.0,113.8,-7.8,98.4,0.249,0.391,0.533,0.494,12.6,23.4,0.194,0.541,13.1,75.6,0.226,2021,0
Orlando Magic,23.3,22.0,60.0,21,61,-8.0,0.33,-7.67,104.5,112.5,-8.0,99.2,0.223,0.417,0.538,0.503,13.0,19.8,0.175,0.532,11.7,77.2,0.196,2021,0
Oklahoma City Thunder,22.4,24.0,58.0,21,61,-8.1,0.2,-7.9,104.6,112.8,-8.2,98.6,0.223,0.419,0.53,0.497,12.5,21.8,0.169,0.533,11.8,76.1,0.169,2021,0
Houston Rockets,24.1,20.0,62.0,21,61,-8.48,0.22,-8.26,108.4,116.7,-8.3,100.9,0.284,0.448,0.565,0.534,14.5,21.7,0.202,0.554,12.3,74.4,0.206,2021,0
Portland Trail Blazers,25.6,27.0,55.0,20,62,-8.88,0.33,-8.55,107.8,116.9,-9.1,98.3,0.248,0.422,0.55,0.515,13.0,22.9,0.188,0.559,12.7,76.9,0.222,2021,0
Boston Celtics,27.4,57.0,25.0,57,25,6.52,-0.15,6.38,118.0,111.5,6.5,98.5,0.243,0.48,0.6,0.566,12.0,22.1,0.197,0.528,11.3,78.5,0.18,2022,2
Cleveland Cavaliers,25.4,51.0,31.0,55,27,5.38,-0.15,5.23,116.1,110.6,5.5,95.7,0.264,0.371,0.59,0.556,12.3,23.6,0.206,0.535,14.4,76.3,0.21,2022,1
Philadelphia 76ers,28.2,54.0,28.0,52,30,4.32,0.06,4.37,117.7,113.3,4.4,96.9,0.3,0.389,0.608,0.563,12.6,21.6,0.25,0.541,13.0,77.2,0.217,2022,1
Memphis Grizzlies,24.4,51.0,31.0,51,31,3.94,-0.34,3.6,115.1,111.2,3.9,101.1,0.259,0.372,0.57,0.54,11.7,26.5,0.19,0.526,13.1,75.9,0.206,2022,1
Milwaukee Bucks,29.8,58.0,24.0,50,32,3.63,-0.02,3.61,115.4,111.9,3.5,100.5,0.248,0.446,0.583,0.555,12.7,25.0,0.184,0.52,10.4,77.8,0.175,2022,1
Denver Nuggets,26.6,53.0,29.0,49,33,3.33,-0.29,3.04,117.6,114.2,3.4,98.1,0.259,0.361,0.601,0.573,13.1,24.8,0.194,0.543,12.2,76.4,0.201,2022,1
New York Knicks,24.5,47.0,35.0,48,34,2.93,0.06,2.99,117.8,114.8,3.0,97.1,0.285,0.4,0.577,0.541,11.4,28.3,0.217,0.536,11.4,77.1,0.21,2022,1
Sacramento Kings,25.4,48.0,34.0,47,35,2.65,-0.35,2.3,119.4,116.8,2.6,100.3,0.284,0.423,0.608,0.572,12.0,22.7,0.225,0.563,12.6,77.2,0.203,2022,1
Phoenix Suns,28.1,45.0,37.0,46,36,2.07,0.01,2.08,115.1,113.0,2.1,98.2,0.241,0.362,0.57,0.535,12.0,26.6,0.191,0.532,12.9,76.0,0.234,2022,1
New Orleans Pelicans,25.9,42.0,40.0,46,36,1.89,-0.26,1.63,114.4,112.5,1.9,99.1,0.279,0.344,0.582,0.543,12.9,24.7,0.221,0.543,13.4,77.4,0.212,2022,0
Golden State Warriors,27.3,44.0,38.0,45,37,1.8,-0.15,1.66,116.1,114.4,1.7,101.6,0.224,0.479,0.6,0.571,14.1,24.4,0.178,0.54,12.3,76.0,0.214,2022,3
Toronto Raptors,25.8,41.0,41.0,45,37,1.48,0.12,1.59,115.5,114.0,1.5,97.1,0.257,0.351,0.555,0.517,10.3,27.8,0.201,0.565,15.3,76.7,0.223,2022,0
Chicago Bulls,27.5,40.0,42.0,44,38,1.29,0.07,1.37,113.5,112.2,1.3,98.5,0.251,0.333,0.587,0.55,12.2,20.1,0.203,0.544,13.5,77.8,0.197,2022,0
Oklahoma City Thunder,22.8,40.0,42.0,44,38,1.09,-0.12,0.96,115.2,114.2,1.0,101.1,0.256,0.369,0.57,0.531,11.2,24.7,0.207,0.547,14.4,72.9,0.222,2022,0
Brooklyn Nets,28.0,45.0,37.0,43,39,0.85,0.18,1.03,115.0,114.1,0.9,98.3,0.26,0.397,0.598,0.562,12.7,19.6,0.208,0.53,12.2,73.7,0.212,2022,1
Los Angeles Lakers,27.9,43.0,39.0,42,40,0.57,-0.15,0.43,114.5,113.9,0.6,101.3,0.299,0.351,0.582,0.542,12.3,22.8,0.232,0.535,10.9,76.3,0.171,2022,1
Los Angeles Clippers,29.7,44.0,38.0,42,40,0.5,-0.19,0.31,115.0,114.5,0.5,98.0,0.278,0.387,0.588,0.551,12.8,22.9,0.217,0.543,11.7,76.6,0.195,2022,1
Atlanta Hawks,24.9,41.0,41.0,42,40,0.29,0.02,0.32,116.6,116.3,0.3,100.7,0.244,0.331,0.579,0.541,11.2,25.1,0.2,0.552,12.4,75.8,0.206,2022,1
Dallas Mavericks,27.8,38.0,44.0,41,41,0.07,-0.22,-0.14,116.8,116.7,0.1,96.6,0.298,0.487,0.599,0.565,11.4,18.0,0.225,0.549,11.9,75.5,0.226,2022,0
Minnesota Timberwolves,25.8,42.0,40.0,41,41,-0.04,-0.18,-0.22,113.7,113.8,-0.1,101.0,0.271,0.381,0.592,0.56,13.6,21.5,0.205,0.54,13.3,74.3,0.225,2022,1
Miami Heat,27.7,44.0,38.0,40,42,-0.32,0.18,-0.13,113.0,113.3,-0.3,96.3,0.27,0.408,0.574,0.53,12.4,22.8,0.224,0.561,14.5,77.7,0.198,2022,1
Utah Jazz,26.5,37.0,45.0,39,43,-0.94,-0.09,-1.03,115.8,116.7,-0.9,100.5,0.265,0.421,0.584,0.547,13.3,26.8,0.209,0.541,10.9,75.2,0.205,2022,0
Washington Wizards,26.2,35.0,47.0,38,44,-1.21,0.15,-1.06,114.4,115.6,-1.2,98.6,0.258,0.365,0.585,0.55,12.7,22.6,0.202,0.54,11.0,76.1,0.194,2022,0
Orlando Magic,23.1,34.0,48.0,35,47,-2.56,0.17,-2.39,111.6,114.2,-2.6,99.3,0.29,0.361,0.573,0.532,13.4,23.8,0.227,0.55,13.1,77.7,0.211,2022,0
Indiana Pacers,24.5,35.0,47.0,33,49,-3.18,0.28,-2.91,114.6,117.7,-3.1,101.1,0.265,0.413,0.581,0.545,13.0,23.4,0.209,0.554,13.0,72.2,0.229,2022,0
Portland Trail Blazers,25.1,33.0,49.0,31,51,-4.01,0.05,-3.96,114.8,118.8,-4.0,98.6,0.289,0.413,0.589,0.549,13.1,22.4,0.23,0.563,12.1,74.9,0.217,2022,0
Charlotte Hornets,25.3,27.0,55.0,26,56,-6.24,0.35,-5.89,109.2,115.3,-6.1,100.8,0.261,0.36,0.55,0.516,12.3,23.8,0.195,0.544,12.5,75.5,0.211,2022,0
Houston Rockets,22.1,22.0,60.0,23,59,-7.85,0.24,-7.62,111.4,119.3,-7.9,99.0,0.285,0.359,0.554,0.516,14.0,30.2,0.215,0.564,11.8,75.8,0.218,2022,0
Detroit Pistons,24.1,17.0,65.0,22,60,-8.22,0.49,-7.73,110.7,118.9,-8.2,99.0,0.295,0.372,0.561,0.52,13.3,24.9,0.227,0.557,11.9,74.0,0.231,2022,0
San Antonio Spurs,23.9,22.0,60.0,19,63,-10.04,0.22,-9.82,110.2,120.0,-9.8,101.6,0.229,0.348,0.554,0.525,13.0,25.6,0.17,0.576,12.0,74.9,0.201,2022,0
Boston Celtics,28.2,64.0,18.0,66,16,11.34,-0.6,10.75,123.2,111.6,11.6,97.2,0.224,0.471,0.609,0.578,10.8,24.9,0.18,0.523,10.8,76.3,0.145,2023,1
Oklahoma City Thunder,23.4,57.0,25.0,58,24,7.41,-0.05,7.36,119.5,112.1,7.4,99.8,0.24,0.383,0.608,0.573,11.4,21.1,0.198,0.53,13.6,73.8,0.202,2023,1
Minnesota Timberwolves,27.2,56.0,26.0,57,25,6.45,-0.07,6.39,115.6,109.0,6.6,97.1,0.27,0.384,0.594,0.559,13.0,23.2,0.209,0.515,12.9,76.9,0.197,2023,1
Denver Nuggets,27.1,57.0,25.0,54,28,5.26,-0.03,5.23,118.5,113.0,5.5,96.8,0.224,0.352,0.589,0.562,11.5,25.5,0.17,0.526,11.2,75.6,0.195,2023,3
New York Knicks,26.4,50.0,32.0,53,29,4.59,-0.23,4.36,118.2,113.4,4.8,95.2,0.246,0.404,0.574,0.54,11.9,29.4,0.192,0.543,12.3,76.1,0.176,2023,1
New Orleans Pelicans,26.0,49.0,33.0,52,30,4.41,0.05,4.46,117.4,112.9,4.5,97.9,0.261,0.373,0.591,0.558,11.8,24.4,0.202,0.541,12.9,76.9,0.186,2023,1
Los Angeles Clippers,30.4,51.0,31.0,49,33,3.28,0.13,3.41,118.8,115.4,3.4,97.2,0.256,0.383,0.599,0.561,12.0,24.4,0.211,0.541,11.7,74.8,0.183,2023,1
Philadelphia 76ers,28.4,47.0,35.0,49,33,3.05,-0.54,2.51,116.9,113.8,3.1,97.5,0.264,0.373,0.574,0.532,10.7,24.8,0.218,0.537,13.1,74.3,0.215,2023,1
Phoenix Suns,29.3,49.0,33.0,49,33,3.06,0.02,3.08,117.6,114.6,3.0,98.3,0.271,0.378,0.603,0.565,13.4,25.0,0.219,0.536,11.3,75.6,0.178,2023,1
Indiana Pacers,25.3,47.0,35.0,48,34,3.05,-0.3,2.75,121.0,118.0,3.0,101.7,0.222,0.38,0.606,0.578,11.3,23.8,0.173,0.556,12.1,74.1,0.228,2023,1
Golden State Warriors,28.4,46.0,36.0,47,35,2.61,0.16,2.77,117.8,115.2,2.6,99.2,0.219,0.425,0.586,0.557,12.5,27.5,0.171,0.539,11.5,76.1,0.195,2023,0
Milwaukee Bucks,30.2,49.0,33.0,47,35,2.62,-0.18,2.44,118.4,115.8,2.6,99.9,0.27,0.43,0.601,0.568,11.5,21.8,0.209,0.539,10.6,77.2,0.189,2023,1
Cleveland Cavaliers,26.2,48.0,34.0,47,35,2.41,-0.44,1.98,115.2,112.7,2.5,97.2,0.234,0.422,0.586,0.557,12.4,23.2,0.179,0.535,12.3,76.9,0.19,2023,1
Dallas Mavericks,26.5,50.0,32.0,46,36,2.21,0.09,2.3,117.6,115.4,2.2,100.1,0.251,0.441,0.592,0.562,11.2,22.2,0.19,0.548,12.1,75.2,0.184,2023,1
Orlando Magic,24.0,47.0,35.0,46,36,2.02,-0.55,1.48,113.4,111.3,2.1,96.9,0.287,0.369,0.577,0.541,13.3,25.3,0.218,0.543,13.8,78.1,0.206,2023,1
Miami Heat,28.0,46.0,36.0,46,36,1.76,-0.66,1.1,114.0,112.2,1.8,96.2,0.257,0.394,0.578,0.538,11.7,21.8,0.21,0.543,12.7,78.1,0.174,2023,2
Sacramento Kings,26.4,46.0,36.0,45,37,1.74,0.55,2.29,116.9,115.2,1.7,98.8,0.229,0.432,0.582,0.556,11.6,24.5,0.171,0.555,12.5,78.4,0.213,2023,0
Houston Rockets,25.1,41.0,41.0,44,38,1.12,0.12,1.24,114.5,113.4,1.1,99.0,0.257,0.397,0.565,0.529,11.2,25.1,0.199,0.533,12.2,76.0,0.219,2023,0
Los Angeles Lakers,28.0,47.0,35.0,42,40,0.6,0.48,1.07,115.9,115.3,0.6,100.9,0.276,0.358,0.601,0.566,12.5,19.9,0.216,0.55,11.7,76.2,0.153,2023,1
Chicago Bulls,28.1,39.0,43.0,37,45,-1.44,-0.33,-1.77,114.9,116.3,-1.4,96.3,0.236,0.358,0.568,0.534,11.0,25.1,0.187,0.556,12.7,76.4,0.195,2023,0
Atlanta Hawks,26.2,36.0,46.0,36,46,-2.18,-0.19,-2.38,117.2,119.4,-2.2,100.1,0.251,0.408,0.576,0.539,11.6,27.1,0.2,0.572,12.4,75.2,0.192,2023,0
Brooklyn Nets,26.1,32.0,50.0,34,48,-2.89,-0.13,-3.02,113.2,116.1,-2.9,96.9,0.234,0.412,0.561,0.531,11.8,25.2,0.177,0.543,11.4,76.0,0.193,2023,0
Utah Jazz,25.1,31.0,51.0,29,53,-4.89,0.68,-4.22,115.5,120.4,-4.9,99.5,0.251,0.406,0.579,0.539,13.6,28.1,0.209,0.567,10.9,75.2,0.182,2023,0
San Antonio Spurs,23.0,22.0,60.0,26,56,-6.49,0.69,-5.8,110.0,116.4,-6.4,101.1,0.22,0.401,0.563,0.532,13.2,22.9,0.172,0.555,11.7,76.4,0.174,2023,0
Toronto Raptors,25.9,25.0,57.0,26,56,-6.44,-0.01,-6.45,112.3,118.8,-6.5,99.4,0.241,0.369,0.566,0.535,12.4,24.2,0.182,0.566,12.2,73.9,0.172,2023,0
Memphis Grizzlies,24.4,27.0,55.0,24,58,-7.0,0.43,-6.57,107.2,114.3,-7.1,98.2,0.238,0.428,0.543,0.509,13.4,23.8,0.182,0.551,13.5,74.8,0.195,2023,0
Detroit Pistons,23.8,14.0,68.0,20,62,-9.11,0.05,-9.06,109.7,118.8,-9.1,99.8,0.246,0.36,0.562,0.526,13.5,23.9,0.193,0.558,11.1,77.3,0.221,2023,0
Washington Wizards,24.9,15.0,67.0,20,62,-9.29,0.0,-9.29,110.5,119.6,-9.1,102.7,0.221,0.389,0.567,0.538,12.2,20.0,0.169,0.562,12.0,72.5,0.201,2023,0
Portland Trail Blazers,24.1,21.0,61.0,20,62,-9.02,0.74,-8.29,108.3,117.5,-9.2,97.2,0.228,0.37,0.539,0.503,13.4,27.5,0.181,0.558,12.8,74.0,0.216,2023,0
Charlotte Hornets,25.1,21.0,61.0,18,64,-10.24,0.13,-10.12,109.3,119.8,-10.5,97.3,0.212,0.391,0.56,0.529,12.6,21.1,0.167,0.572,12.3,74.5,0.188,2023,0
Oklahoma City Thunder,24.8,68.0,14.0,68,14,12.87,-0.16,12.7,120.3,107.5,12.8,100.0,0.22,0.419,0.593,0.56,10.3,24.2,0.18,0.513,14.9,74.6,0.211,2024,1
Boston Celtics,28.9,61.0,21.0,62,20,9.11,-0.83,8.28,120.6,111.1,9.5,95.7,0.212,0.536,0.591,0.561,10.8,25.7,0.169,0.522,11.6,76.0,0.154,2024,3
Cleveland Cavaliers,26.6,64.0,18.0,62,20,9.54,-0.73,8.81,121.7,112.2,9.5,99.8,0.241,0.457,0.607,0.578,11.6,25.9,0.187,0.528,12.6,74.8,0.181,2024,1
Minnesota Timberwolves,27.2,49.0,33.0,53,29,5.0,0.15,5.15,116.6,111.5,5.1,97.3,0.249,0.455,0.588,0.554,13.0,25.8,0.196,0.532,13.2,75.1,0.178,2024,1
Los Angeles Clippers,29.7,50.0,32.0,53,29,4.66,0.18,4.84,115.1,110.3,4.8,97.5,0.251,0.387,0.589,0.554,13.4,24.4,0.2,0.536,13.7,77.5,0.189,2024,1
Memphis Grizzlies,24.7,48.0,34.0,52,30,4.85,-0.06,4.79,117.7,113.0,4.7,103.3,0.249,0.406,0.588,0.554,13.1,28.7,0.196,0.533,12.9,74.9,0.206,2024,1
Houston Rockets,24.9,52.0,30.0,52,30,4.51,0.45,4.97,115.3,110.8,4.5,98.6,0.242,0.384,0.553,0.523,11.8,31.7,0.178,0.528,12.8,76.2,0.186,2024,1
New York Knicks,27.5,51.0,31.0,51,31,4.1,-0.51,3.59,118.5,114.3,4.2,96.7,0.232,0.382,0.589,0.556,11.9,26.0,0.186,0.549,13.1,74.5,0.176,2024,1
Denver Nuggets,27.0,50.0,32.0,50,32,3.89,0.08,3.97,119.9,116.0,3.9,99.8,0.259,0.356,0.604,0.573,12.5,26.7,0.2,0.542,11.3,74.6,0.173,2024,1
Golden State Warriors,28.6,48.0,34.0,49,33,3.3,0.25,3.56,115.0,111.7,3.3,98.7,0.244,0.469,0.568,0.536,12.3,27.3,0.187,0.541,14.1,75.6,0.189,2024,1
Milwaukee Bucks,29.3,48.0,34.0,47,35,2.48,-0.36,2.12,115.9,113.4,2.5,99.3,0.268,0.424,0.598,0.568,12.2,19.3,0.201,0.533,11.4,76.2,0.174,2024,1
Indiana Pacers,25.8,50.0,32.0,46,36,2.23,-0.55,1.68,116.5,114.3,2.2,99.9,0.241,0.4,0.594,0.562,11.8,21.3,0.19,0.546,13.1,74.5,0.19,2024,1
Detroit Pistons,25.8,44.0,38.0,46,36,1.9,-0.17,1.73,115.0,113.1,1.9,99.8,0.248,0.394,0.58,0.547,13.0,26.2,0.192,0.539,13.3,76.0,0.214,2024,1
Los Angeles Lakers,27.9,50.0,32.0,44,38,1.22,0.23,1.45,115.9,114.7,1.2,97.6,0.271,0.425,0.593,0.557,12.7,23.3,0.213,0.539,12.2,74.5,0.178,2024,1
Miami Heat,26.8,37.0,45.0,42,40,0.56,-0.45,0.11,113.5,112.9,0.6,96.2,0.232,0.429,0.576,0.544,12.4,22.3,0.183,0.543,12.5,75.8,0.157,2024,1
Sacramento Kings,27.8,40.0,42.0,42,40,0.48,0.11,0.58,116.7,116.2,0.5,98.2,0.235,0.391,0.582,0.548,11.8,25.4,0.19,0.557,12.5,76.9,0.2,2024,0
Orlando Magic,24.9,41.0,41.0,41,41,-0.12,-0.58,-0.7,109.4,109.6,-0.2,96.1,0.269,0.411,0.55,0.51,12.9,25.3,0.208,0.538,15.0,77.0,0.22,2024,1
Atlanta Hawks,24.9,40.0,42.0,38,44,-1.13,-0.28,-1.41,114.6,115.7,-1.1,102.6,0.252,0.41,0.579,0.546,13.2,26.3,0.196,0.56,13.8,76.0,0.202,2024,0
Dallas Mavericks,27.5,39.0,43.0,38,44,-1.2,0.46,-0.74,114.8,116.0,-1.2,99.2,0.263,0.389,0.583,0.549,12.5,23.3,0.203,0.54,11.6,73.1,0.179,2024,2
Chicago Bulls,25.2,39.0,43.0,37,45,-1.56,-0.27,-1.83,114.1,115.6,-1.5,102.8,0.214,0.457,0.585,0.553,12.7,22.3,0.173,0.539,10.8,76.6,0.178,2024,0
San Antonio Spurs,26.0,34.0,48.0,34,48,-2.76,0.31,-2.45,114.4,117.2,-2.8,99.3,0.234,0.441,0.575,0.544,12.3,24.3,0.181,0.551,12.0,73.0,0.158,2024,0
Portland Trail Blazers,23.8,36.0,46.0,33,49,-2.98,0.31,-2.67,111.7,114.7,-3.0,98.8,0.246,0.418,0.555,0.521,13.8,29.2,0.187,0.543,13.6,72.5,0.204,2024,0
Phoenix Suns,29.1,36.0,46.0,34,48,-3.0,0.45,-2.55,116.2,119.3,-3.1,97.1,0.241,0.44,0.595,0.561,12.8,22.6,0.195,0.552,10.9,74.1,0.191,2024,0
Toronto Raptors,24.5,30.0,52.0,30,52,-4.29,-0.11,-4.4,110.5,114.8,-4.3,99.7,0.232,0.373,0.553,0.522,13.3,27.3,0.173,0.541,13.2,73.9,0.222,2024,0
Philadelphia 76ers,27.1,24.0,58.0,26,56,-6.23,-0.06,-6.29,111.9,118.2,-6.3,97.4,0.257,0.426,0.563,0.527,12.3,23.4,0.201,0.57,14.3,71.8,0.194,2024,0
Brooklyn Nets,24.7,26.0,56.0,23,59,-7.11,0.16,-6.95,108.5,115.8,-7.3,96.4,0.24,0.458,0.552,0.516,13.7,24.5,0.189,0.557,13.7,75.0,0.218,2024,0
Utah Jazz,23.9,17.0,65.0,20,62,-9.34,0.83,-8.51,111.2,120.4,-9.2,100.0,0.252,0.449,0.568,0.533,14.9,26.9,0.195,0.559,10.3,74.1,0.185,2024,0
Charlotte Hornets,25.1,19.0,63.0,20,62,-9.11,0.01,-9.1,107.3,116.6,-9.3,97.6,0.222,0.43,0.537,0.503,13.7,26.5,0.174,0.547,11.9,74.5,0.19,2024,0
New Orleans Pelicans,25.9,21.0,61.0,20,62,-9.43,0.84,-8.59,110.4,119.9,-9.5,99.1,0.244,0.385,0.552,0.519,12.8,26.3,0.184,0.564,12.3,72.7,0.19,2024,0
Washington Wizards,23.5,18.0,64.0,15,67,-12.44,0.3,-12.14,106.8,119.1,-12.3,100.9,0.229,0.435,0.546,0.512,13.6,22.7,0.178,0.548,11.4,71.9,0.202,2024,0
Oklahoma City Thunder,25.2,64.0,18.0,65,17,11.15,-0.11,11.04,118.9,107.7,11.2,99.3,0.261,0.426,0.599,0.561,11.2,22.3,0.213,0.519,14.6,74.4,0.184,2025,1
San Antonio Spurs,25.4,62.0,20.0,60,22,8.3,-0.03,8.28,119.6,111.3,8.3,99.9,0.274,0.422,0.595,0.559,11.8,26.2,0.215,0.522,11.5,77.3,0.18,2025,1
Detroit Pistons,26.1,60.0,22.0,60,22,8.16,-0.63,7.53,117.9,109.7,8.2,99.3,0.292,0.345,0.583,0.546,13.0,30.9,0.223,0.517,14.8,74.2,0.251,2025,1
Boston Celtics,26.9,56.0,26.0,59,23,7.7,-0.33,7.37,120.8,112.7,8.1,94.8,0.207,0.467,0.583,0.553,11.2,29.2,0.167,0.523,11.4,75.7,0.189,2025,1
New York Knicks,28.1,53.0,29.0,56,26,6.33,-0.28,6.05,119.8,113.3,6.5,96.8,0.238,0.428,0.59,0.557,12.1,29.3,0.188,0.541,13.1,76.7,0.206,2025,1
Houston Rockets,26.5,52.0,30.0,54,28,5.22,-0.35,4.87,118.6,113.2,5.4,96.1,0.26,0.35,0.576,0.542,13.3,34.8,0.199,0.53,12.1,74.5,0.189,2025,1
Denver Nuggets,27.8,54.0,28.0,53,29,5.15,-0.17,4.97,122.6,117.4,5.2,98.4,0.294,0.408,0.616,0.577,11.5,23.6,0.237,0.543,10.4,75.3,0.196,2025,1
Charlotte Hornets,24.0,44.0,38.0,53,29,4.83,-0.35,4.48,119.4,114.4,5.0,96.8,0.244,0.487,0.589,0.552,13.5,30.5,0.2,0.54,11.6,76.6,0.186,2025,0
Cleveland Cavaliers,27.2,52.0,30.0,51,31,4.11,-0.34,3.78,119.2,115.1,4.1,99.9,0.265,0.442,0.595,0.561,12.2,26.9,0.206,0.543,13.1,74.4,0.209,2025,1
Minnesota Timberwolves,27.9,49.0,33.0,49,33,3.35,-0.28,3.07,116.8,113.5,3.3,100.5,0.285,0.42,0.592,0.559,12.9,25.7,0.215,0.529,13.0,73.7,0.22,2025,1
Toronto Raptors,24.8,46.0,36.0,48,34,2.83,-0.08,2.75,115.9,113.0,2.9,98.4,0.265,0.363,0.581,0.546,12.2,25.5,0.204,0.54,14.3,74.0,0.222,2025,1
Atlanta Hawks,25.2,46.0,36.0,47,35,2.41,-0.03,2.38,116.1,113.7,2.4,101.7,0.234,0.429,0.584,0.554,12.3,24.4,0.181,0.546,13.9,74.5,0.206,2025,1
Miami Heat,26.2,43.0,39.0,47,35,2.33,0.02,2.35,116.7,114.5,2.2,103.4,0.268,0.406,0.58,0.542,11.6,25.4,0.212,0.54,12.8,74.9,0.193,2025,0
Los Angeles Lakers,28.0,53.0,29.0,45,37,1.76,-0.07,1.68,118.2,116.4,1.8,98.3,0.32,0.394,0.609,0.573,13.2,23.9,0.244,0.555,13.0,74.3,0.191,2025,1
Phoenix Suns,26.8,45.0,37.0,45,37,1.46,0.28,1.75,115.4,113.9,1.5,97.2,0.225,0.453,0.568,0.537,12.8,28.9,0.176,0.541,14.5,71.9,0.217,2025,1
Los Angeles Clippers,30.0,42.0,40.0,44,38,1.13,-0.17,0.96,117.3,116.1,1.2,96.5,0.295,0.404,0.602,0.559,13.2,23.7,0.243,0.545,12.9,72.9,0.197,2025,0
Orlando Magic,24.7,45.0,37.0,43,39,0.63,0.17,0.81,114.9,114.3,0.6,100.0,0.311,0.386,0.576,0.531,12.4,25.0,0.249,0.545,13.1,75.6,0.223,2025,1
Philadelphia 76ers,25.5,45.0,37.0,41,41,-0.18,-0.09,-0.27,115.4,115.5,-0.1,99.4,0.275,0.391,0.572,0.53,11.9,26.2,0.222,0.541,13.3,72.5,0.212,2025,1
Portland Trail Blazers,25.2,42.0,40.0,40,42,-0.29,0.01,-0.29,114.4,114.7,-0.3,100.5,0.28,0.469,0.57,0.534,14.6,31.3,0.214,0.541,13.5,72.7,0.215,2025,1
Golden State Warriors,28.6,37.0,45.0,40,42,-0.56,0.22,-0.34,115.0,115.6,-0.6,99.0,0.238,0.497,0.584,0.549,13.8,25.8,0.192,0.553,14.0,72.9,0.198,2025,0
New Orleans Pelicans,24.1,26.0,56.0,30,52,-4.5,0.24,-4.26,114.4,118.9,-4.5,100.3,0.284,0.355,0.568,0.527,12.2,27.0,0.222,0.555,12.4,71.4,0.199,2025,0
Chicago Bulls,25.3,31.0,51.0,29,53,-5.21,0.12,-5.09,113.0,118.1,-5.1,102.5,0.246,0.443,0.58,0.547,13.3,23.1,0.191,0.553,11.1,75.5,0.19,2025,0
Dallas Mavericks,26.2,26.0,56.0,28,54,-5.51,0.18,-5.33,111.2,116.5,-5.3,101.7,0.287,0.355,0.564,0.527,12.6,23.2,0.217,0.546,11.4,74.1,0.183,2025,0
Memphis Grizzlies,24.6,25.0,57.0,27,55,-6.01,0.18,-5.83,112.9,118.8,-5.9,101.3,0.251,0.436,0.57,0.533,13.0,24.7,0.199,0.562,13.3,70.9,0.203,2025,0
Milwaukee Bucks,27.1,32.0,50.0,26,56,-6.21,0.09,-6.12,112.9,119.3,-6.4,97.6,0.223,0.457,0.589,0.565,13.9,21.1,0.163,0.558,11.7,74.1,0.215,2025,0
Indiana Pacers,26.1,19.0,63.0,23,59,-7.99,0.35,-7.64,110.9,118.8,-7.9,101.0,0.252,0.422,0.568,0.533,12.8,21.7,0.196,0.556,11.7,74.1,0.218,2025,0
Utah Jazz,24.1,22.0,60.0,23,59,-8.43,0.38,-8.05,114.1,122.3,-8.2,102.3,0.277,0.402,0.575,0.536,13.2,26.2,0.218,0.578,12.4,72.9,0.227,2025,0
Sacramento Kings,28.3,22.0,60.0,19,63,-10.0,0.42,-9.58,111.4,121.5,-10.1,99.2,0.256,0.339,0.56,0.525,12.6,25.9,0.198,0.572,12.3,73.5,0.216,2025,0
Brooklyn Nets,23.5,20.0,62.0,18,64,-9.99,0.29,-9.7,108.7,119.0,-10.3,97.1,0.272,0.455,0.559,0.52,14.3,23.6,0.212,0.571,13.2,74.0,0.225,2025,0
Washington Wizards,23.5,17.0,65.0,16,66,-11.98,0.36,-11.62,111.0,122.7,-11.7,101.4,0.235,0.403,0.566,0.535,13.6,24.1,0.18,0.563,11.7,70.2,0.232,2025,0
