Season_Year,TEAM_NAME,Diff_PTS,Diff_eFG,Diff_REB,Diff_TOV
2001,Atlanta Hawks,-5.207317073170728,-0.01792276247602187,-0.5487804878048763,1.9024390243902438
2001,Boston Celtics,-2.1341463414634063,-0.020582544362078348,-3.3414634146341484,-1.4268292682926838
2001,Charlotte Hornets,2.0975609756097526,0.0021536115930870237,3.8170731707317103,-0.25609756097560954
2001,Chicago Bulls,-9.097560975609753,-0.05028744039737004,-3.9268292682926855,0.9146341463414629
2001,Cleveland Cavaliers,-4.243902439024396,-0.017554450985569958,0.792682926829265,1.4756097560975618
2001,Dallas Mavericks,4.2804878048780495,0.03019651022138664,-3.5243902439024453,-1.6097560975609753
2001,Denver Nuggets,-2.4634146341463463,-0.006668198382912716,-0.3292682926829258,0.7439024390243905
2001,Detroit Pistons,-1.6951219512195053,-0.012914116475467974,0.6219512195121979,0.3658536585365848
2001,Golden State Warriors,-9.048780487804876,-0.07512874867290076,-0.024390243902445263,-0.5731707317073162
2001,Houston Rockets,2.292682926829272,0.01793449850605522,0.4268292682926784,1.3658536585365866
2001,Indiana Pacers,-0.19512195121950526,0.019363310541198886,-0.2560975609756113,1.5731707317073162
2001,Los Angeles Clippers,-2.8902439024390247,0.00977093583559241,0.48780487804877737,3.024390243902438
2001,Los Angeles Lakers,3.378048780487802,0.028615937586301043,3.414634146341463,1.3536585365853657
2001,Miami Heat,2.292682926829272,0.007468044607880198,-2.3658536585365866,-1.8658536585365848
2001,Milwaukee Bucks,3.878048780487802,0.025501981932913587,-0.35365853658537105,-1.8292682926829258
2001,Minnesota Timberwolves,1.353658536585371,0.0025098458421279335,0.0,-1.3414634146341466
2001,New Jersey Nets,-5.048780487804876,-0.037138741394615815,-4.597560975609753,-1.1707317073170724
2001,New York Knicks,2.6341463414634205,0.023125109845641367,0.0853658536585371,-0.32926829268292757
2001,Orlando Magic,0.9878048780487916,0.01055180223681923,-1.8414634146341484,-1.987804878048781
2001,Philadelphia 76ers,4.2804878048780495,0.006563573250360832,3.9512195121951237,0.3780487804878039
2001,Phoenix Suns,2.207317073170742,0.00042612781778744724,0.10975609756097526,-2.2317073170731714
2001,Portland Trail Blazers,4.1951219512195195,0.026581535559925595,3.1341463414634134,0.5
2001,Sacramento Kings,5.817073170731717,0.025286484013403776,-0.8780487804878092,-1.3780487804878057
2001,San Antonio Spurs,7.756097560975604,0.05151363048558816,2.621951219512191,0.463414634146341
2001,Seattle SuperSonics,0.024390243902445263,0.003266973952132546,-0.6829268292682968,0.2926829268292668
2001,Toronto Raptors,2.256097560975604,-0.0075182024279222825,2.560975609756099,-0.9268292682926838
2001,Utah Jazz,4.6951219512195195,0.02314563048652024,3.2804878048780495,-0.29268292682926855
2001,Vancouver Grizzlies,-5.731707317073173,-0.027155561560214536,-3.182926829268297,0.9024390243902438
2001,Washington Wizards,-6.670731707317074,-0.04110477717964783,0.5487804878048763,1.9634146341463428
2002,Atlanta Hawks,-4.231707317073173,-0.023845274387882087,-1.5487804878048834,0.43902439024390283
2002,Boston Celtics,2.207317073170742,0.010792640125615427,-3.6585365853658516,-2.6951219512195124
2002,Charlotte Hornets,0.9634146341463463,0.0007250219863313978,2.463414634146339,0.12195121951219434
2002,Chicago Bulls,-8.536585365853654,-0.04038331182483601,-2.6097560975609753,0.9024390243902438
2002,Cleveland Cavaliers,-3.329268292682926,-0.01735831250047426,1.7195121951219505,1.6219512195121961
2002,Dallas Mavericks,4.256097560975618,0.02322964514750825,-2.1829268292682897,-1.987804878048781
2002,Denver Nuggets,-5.817073170731703,-0.03642706565203546,-1.1829268292682968,0.39024390243902474
2002,Detroit Pistons,2.1341463414634205,0.023161504870564897,-3.975609756097562,-0.9756097560975601
2002,Golden State Warriors,-5.402439024390247,-0.03547460950936565,3.378048780487809,2.463414634146341
2002,Houston Rockets,-4.890243902439025,-0.025241072637021078,-1.414634146341463,2.048780487804878
2002,Indiana Pacers,0.26829268292684105,0.009006250918448033,-0.7804878048780495,0.9268292682926838
2002,Los Angeles Clippers,-0.4634146341463321,-0.0008855697500513848,1.3902439024390247,1.9390243902439028
2002,Los Angeles Lakers,7.121951219512198,0.04356793852861335,1.060975609756099,-1.3170731707317067
2002,Memphis Grizzlies,-7.439024390243901,-0.02416252226455151,-3.6341463414634134,1.6707317073170742
2002,Miami Heat,-1.536585365853668,0.008039922998731686,0.8292682926829258,1.012195121951219
2002,Milwaukee Bucks,-0.21951219512195053,0.030668094046930938,-1.0975609756097597,1.2560975609756095
2002,Minnesota Timberwolves,3.378048780487802,0.008873101964940788,4.670731707317074,0.0
2002,New Jersey Nets,4.158536585365852,0.0145221023264418,0.4634146341463463,-1.560975609756099
2002,New York Knicks,-3.9878048780487774,-0.010423816948108844,-2.0121951219512226,1.085365853658537
2002,Orlando Magic,1.5731707317073074,0.008926483259464546,-4.109756097560975,-2.1097560975609753
2002,Philadelphia 76ers,1.5975609756097526,-0.009242975681888865,3.621951219512198,0.5853658536585353
2002,Phoenix Suns,-0.6829268292682968,-0.0032017265705583386,-0.2560975609756042,-0.7317073170731714
2002,Portland Trail Blazers,2.9878048780487774,-0.004426312213250683,3.792682926829272,-0.43902439024390283
2002,Sacramento Kings,7.609756097560975,0.030145829534125756,0.40243902439024026,-1.4390243902439028
2002,San Antonio Spurs,6.207317073170728,0.04020369987135042,0.5,-0.14634146341463428
2002,Seattle SuperSonics,3.0243902439024453,0.021225234513456648,-1.414634146341463,-1.585365853658537
2002,Toronto Raptors,-0.43902439024390105,-0.009474352377336293,0.23170731707316605,-0.9268292682926838
2002,Utah Jazz,0.8902439024390247,-0.010729959091794694,3.9878048780487845,-0.21951219512195053
2002,Washington Wizards,-1.4024390243902332,-0.021810588683368604,1.3658536585365866,-0.32926829268292757
2003,Atlanta Hawks,-3.560975609756099,0.006003389979797935,0.024390243902445263,3.646341463414636
2003,Boston Celtics,-0.39024390243902474,-0.0011345036316782742,-4.475609756097562,-2.0487804878048763
2003,Chicago Bulls,-5.134146341463406,0.001042546490980123,-1.9878048780487774,2.1951219512195106
2003,Cleveland Cavaliers,-9.621951219512198,-0.04010745520162651,2.8902439024390247,4.097560975609758
2003,Dallas Mavericks,7.7804878048780495,0.026337976714569444,-3.3048780487804876,-4.500000000000002
2003,Denver Nuggets,-8.28048780487805,-0.04842791826224352,2.085365853658537,1.3292682926829293
2003,Detroit Pistons,3.6829268292682826,0.012904365335973778,-0.7195121951219505,-0.5487804878048781
2003,Golden State Warriors,-1.1341463414634205,-0.009043301530618164,2.9024390243902474,2.121951219512196
2003,Houston Rockets,1.4756097560975547,0.012751365632507505,3.121951219512198,2.365853658536585
2003,Indiana Pacers,3.4878048780487774,0.011313267980976649,1.9756097560975618,-0.5853658536585371
2003,Los Angeles Clippers,-4.121951219512198,-0.014205176311342826,-0.43902439024390105,1.6951219512195124
2003,Los Angeles Lakers,2.329268292682926,0.010341295544078088,2.1951219512195124,0.06097560975609717
2003,Memphis Grizzlies,-3.231707317073173,-0.004831162919556209,-3.3170731707317103,0.5975609756097562
2003,Miami Heat,-5.048780487804876,-0.03020751906119401,-0.5731707317073145,-0.07317073170731625
2003,Milwaukee Bucks,0.23170731707317316,0.005726492534776473,-3.8902439024390247,-1.6829268292682915
2003,Minnesota Timberwolves,2.0731707317073216,0.01540959898086497,1.8902439024390247,0.09756097560975618
2003,New Jersey Nets,5.2195121951219505,0.00882907949781464,1.5365853658536608,-1.7804878048780495
2003,New Orleans Hornets,2.1097560975609753,0.0007857488565725101,3.5975609756097597,0.19512195121951237
2003,New York Knicks,-1.3536585365853568,0.0006417312549145127,-4.024390243902438,-0.3658536585365866
2003,Orlando Magic,0.13414634146342053,-0.008232232797111438,-2.6341463414634134,-2.0000000000000018
2003,Philadelphia 76ers,2.3048780487804947,-0.020717203372328685,1.8170731707317032,-2.353658536585364
2003,Phoenix Suns,1.1341463414634063,0.003793218332379389,-0.35365853658537105,-1.2317073170731696
2003,Portland Trail Blazers,2.6097560975609753,0.005896798585821483,2.024390243902438,-0.2682926829268304
2003,Sacramento Kings,6.5,0.052761165518742714,-1.3170731707317103,-0.8536585365853657
2003,San Antonio Spurs,5.41463414634147,0.04248444193499418,1.7560975609756113,0.7804878048780495
2003,Seattle SuperSonics,-0.12195121951218368,-0.010833956725829264,-0.6341463414634134,-1.512195121951219
2003,Toronto Raptors,-5.8658536585365795,-0.03204206598764281,-2.4268292682926855,0.6829268292682933
2003,Utah Jazz,2.3902439024390247,0.01826918104259323,3.3048780487804876,0.8658536585365866
2003,Washington Wizards,-1.0121951219512226,-0.015509168417186303,-1.0243902439024382,-0.9268292682926838
2004,Atlanta Hawks,-4.646341463414643,-0.011368707761720165,-0.3658536585365866,2.3780487804878057
2004,Boston Celtics,-1.4512195121951237,0.007028854821113095,-3.682926829268297,-0.8780487804878057
2004,Chicago Bulls,-6.353658536585371,-0.022896293245380006,-1.5365853658536608,0.9146341463414629
2004,Cleveland Cavaliers,-2.6219512195121837,-0.018352832238419325,3.5487804878048763,1.7560975609756095
2004,Dallas Mavericks,4.439024390243901,-0.0032126869534822022,1.7195121951219505,-2.963414634146341
2004,Denver Nuggets,1.0731707317073216,-0.013088186325669382,-0.6219512195121908,-1.487804878048781
2004,Detroit Pistons,5.841463414634148,0.02060978248711448,2.1097560975609753,-0.8170731707317085
2004,Golden State Warriors,-0.7317073170731732,-0.0018394042491468032,0.26829268292682684,0.8292682926829258
2004,Houston Rockets,1.7317073170731732,0.03586914316481593,2.878048780487802,3.2804878048780495
2004,Indiana Pacers,5.756097560975604,0.011770146975340234,1.5487804878048763,-1.4756097560975618
2004,Los Angeles Clippers,-4.585365853658544,-0.04105638114546761,2.121951219512198,2.7804878048780495
2004,Los Angeles Lakers,3.902439024390233,0.008992918675967077,0.6829268292682968,-1.4390243902439028
2004,Memphis Grizzlies,2.439024390243901,0.013999185710183715,-2.1829268292682897,-1.9999999999999982
2004,Miami Heat,0.524390243902431,-0.0004910429604518818,0.2560975609756113,-0.8658536585365866
2004,Milwaukee Bucks,1.060975609756099,-0.0076271746985527855,-0.5121951219512226,-0.7073170731707314
2004,Minnesota Timberwolves,5.487804878048777,0.04231925422465199,1.4512195121951237,-0.7682926829268304
2004,New Jersey Nets,2.5,0.010113565178878459,-0.10975609756097526,-1.3536585365853675
2004,New Orleans Hornets,-0.09756097560976684,-0.01566844672923401,0.731707317073166,-0.6341463414634134
2004,New York Knicks,-1.475609756097569,0.01298874772195241,1.207317073170728,1.926829268292682
2004,Orlando Magic,-7.024390243902445,-0.041611582960616955,-3.524390243902438,0.0853658536585371
2004,Philadelphia 76ers,-2.4878048780487774,-0.011569718601036394,-0.5487804878048763,0.6829268292682933
2004,Phoenix Suns,-3.7439024390243816,-0.006969060003809591,-3.146341463414636,-0.6219512195121961
2004,Portland Trail Blazers,-1.2682926829268268,-0.004963128582127052,1.3170731707317032,1.1219512195121961
2004,Sacramento Kings,5.012195121951223,0.025734717405307306,-2.6951219512195124,-1.048780487804878
2004,San Antonio Spurs,7.2195121951219505,0.038639928638874665,4.024390243902438,-0.6463414634146343
2004,Seattle SuperSonics,-0.6341463414634063,0.013071909675636206,-3.329268292682926,-0.29268292682926855
2004,Toronto Raptors,-3.0121951219512226,0.003584794791782142,-5.451219512195117,-0.4146341463414629
2004,Utah Jazz,-1.2195121951219505,-0.01056007445628393,4.585365853658537,1.2195121951219523
2004,Washington Wizards,-5.634146341463406,-0.033448228560219895,-0.7439024390243958,1.439024390243901
2005,Atlanta Hawks,-9.707317073170728,-0.05037317410313441,0.6097560975609753,1.3292682926829276
2005,Boston Celtics,0.8658536585365795,0.02129863750073846,-1.4512195121951166,0.24390243902439046
2005,Charlotte Bobcats,-5.987804878048792,-0.041173391991901565,-1.5487804878048834,-1.2804878048780477
2005,Chicago Bulls,1.060975609756099,0.017752202207678702,1.085365853658537,1.2073170731707314
2005,Cleveland Cavaliers,0.7926829268292721,-0.015005730136662176,2.524390243902438,-0.8780487804878057
2005,Dallas Mavericks,5.743902439024396,0.021676895305398958,-0.23170731707316605,-2.1463414634146343
2005,Denver Nuggets,2.0243902439024453,0.0017483452889955897,0.2926829268292721,-1.4390243902439028
2005,Detroit Pistons,3.8658536585365795,0.010619270601090192,3.8048780487804876,-0.024390243902439934
2005,Golden State Warriors,-2.1585365853658516,-0.01705413259332289,-3.939024390243901,-1.7682926829268304
2005,Houston Rockets,4.036585365853668,0.026877433549120977,1.6951219512195124,0.5853658536585371
2005,Indiana Pacers,0.7560975609756042,0.005392650931629606,-1.2439024390243958,0.3780487804878039
2005,Los Angeles Clippers,-0.7682926829268268,-0.0025752527320289653,2.3658536585365866,2.048780487804878
2005,Los Angeles Lakers,-2.9634146341463463,-0.007714152843119992,0.7682926829268268,2.573170731707318
2005,Memphis Grizzlies,2.292682926829258,0.023927322486998526,-2.268292682926827,-1.2926829268292686
2005,Miami Heat,6.524390243902431,0.06453811974774631,2.524390243902438,0.5121951219512191
2005,Milwaukee Bucks,-2.9878048780487774,-0.02397647738294323,0.5121951219512226,0.7926829268292686
2005,Minnesota Timberwolves,1.4512195121951095,0.01689774101590441,1.6585365853658587,1.414634146341463
2005,New Jersey Nets,-1.5,-0.017165717471023023,-1.646341463414629,-1.451219512195122
2005,New Orleans Hornets,-7.073170731707322,-0.04663085914295839,-1.6097560975609753,0.5975609756097562
2005,New York Knicks,-2.439024390243901,-0.016415177945302117,-0.7195121951219505,0.10975609756097704
2005,Orlando Magic,-2.2439024390243816,-0.00501344828495337,1.585365853658537,1.6097560975609753
2005,Philadelphia 76ers,-0.7439024390243816,-0.011366633170725504,-2.0731707317073145,-1.463414634146341
2005,Phoenix Suns,7.121951219512198,0.056424697257063006,-2.0,-0.07317073170731803
2005,Portland Trail Blazers,-4.0,0.005239336627881452,-1.060975609756099,2.512195121951219
2005,Sacramento Kings,2.1585365853658516,0.0019261739983927328,-1.9024390243902474,-1.5975609756097562
2005,San Antonio Spurs,7.8048780487804805,0.04198261657524299,2.1951219512195124,-1.390243902439023
2005,Seattle SuperSonics,2.292682926829272,-0.0005981422028419336,3.024390243902438,0.34146341463414487
2005,Toronto Raptors,-1.621951219512198,-0.008077467504723101,-5.158536585365859,-1.1585365853658534
2005,Utah Jazz,-4.268292682926827,-0.030327968340371325,2.4512195121951237,1.3414634146341466
2005,Washington Wizards,-0.3292682926829258,-0.022833717247870144,-0.2439024390243958,-1.6341463414634152
2006,Atlanta Hawks,-4.756097560975604,-0.026188235263472193,-0.18292682926828974,0.6951219512195124
2006,Boston Celtics,-1.5365853658536537,0.014224169096943184,-0.4146341463414629,1.8170731707317085
2006,Charlotte Bobcats,-4.0,-0.05101506859563221,-4.231707317073166,-3.621951219512196
2006,Chicago Bulls,0.6341463414634205,0.025693955188930417,1.0487804878048763,-0.04878048780487809
2006,Cleveland Cavaliers,2.231707317073159,0.0024150818251439943,2.9512195121951237,0.7073170731707314
2006,Dallas Mavericks,6.073170731707307,0.02066260289857952,3.8658536585365866,-0.47560975609756184
2006,Denver Nuggets,0.23170731707317316,-0.006077957099056619,-0.5487804878048763,-1.3048780487804859
2006,Detroit Pistons,6.670731707317074,0.020787557048055072,-0.3414634146341413,-2.6097560975609753
2006,Golden State Warriors,-1.353658536585371,-0.013742862707004866,-2.2195121951219505,-1.2439024390243905
2006,Houston Rockets,-1.5853658536585442,-0.0013889565565349815,0.7682926829268268,1.2073170731707314
2006,Indiana Pacers,1.8902439024390247,0.023324720059156756,0.8902439024390247,1.7317073170731714
2006,Los Angeles Clippers,1.5731707317073074,0.01752982991522911,2.9512195121951166,1.6097560975609753
2006,Los Angeles Lakers,2.5,0.007994088445632375,2.024390243902438,-0.1829268292682915
2006,Memphis Grizzlies,3.6951219512195195,0.026906246137979595,-1.4390243902439082,-0.963414634146341
2006,Miami Heat,3.8658536585365795,0.03996229178678756,4.243902439024389,1.5
2006,Milwaukee Bucks,-1.0365853658536537,-0.011735206711470436,0.853658536585364,0.1829268292682933
2006,Minnesota Timberwolves,-1.878048780487802,0.006139652706461107,-1.853658536585364,0.6097560975609753
2006,New Jersey Nets,1.3658536585365937,-0.0009710930077292956,-0.30487804878048763,-0.7073170731707314
2006,New Orleans/Oklahoma City Hornets,-2.8170731707317174,-0.03887250316646318,-0.7439024390243887,-1.2439024390243905
2006,New York Knicks,-6.402439024390233,-0.03037196804919562,2.8170731707317103,3.597560975609758
2006,Orlando Magic,-1.0731707317073216,0.005975344181345765,1.7560975609756113,1.7195121951219505
2006,Philadelphia 76ers,-1.9512195121951237,-0.01320977799251949,-2.5487804878048763,-1.3414634146341466
2006,Phoenix Suns,5.548780487804876,0.04668965860095686,-4.085365853658537,-1.585365853658537
2006,Portland Trail Blazers,-9.451219512195124,-0.0316145187325681,-4.695121951219512,1.7682926829268286
2006,Sacramento Kings,1.536585365853668,0.0045272833968280635,-1.5975609756097597,0.0
2006,San Antonio Spurs,6.817073170731717,0.05601433615023349,1.1707317073170742,-0.12195121951219434
2006,Seattle SuperSonics,-3.024390243902431,-0.022659936731070696,-0.8902439024390247,0.1707317073170742
2006,Toronto Raptors,-2.9878048780487774,-0.030153276539237273,-2.670731707317074,-1.1463414634146343
2006,Utah Jazz,-2.6341463414634063,-0.022467155480579037,4.18292682926829,1.5121951219512209
2006,Washington Wizards,1.8536585365853568,-0.018378300805728498,-0.7560975609756042,-2.2317073170731714
2007,Atlanta Hawks,-4.756097560975618,-0.03360088118090204,-0.3658536585365866,0.7195121951219523
2007,Boston Celtics,-3.41463414634147,-0.02190595879207008,-0.18292682926829684,1.2195121951219523
2007,Charlotte Bobcats,-3.743902439024396,-0.02042177714998722,-2.7439024390243887,-0.8780487804878039
2007,Chicago Bulls,5.012195121951223,0.02009985577021073,2.7804878048780495,-1.4512195121951201
2007,Cleveland Cavaliers,3.829268292682926,0.003915196770638396,3.6585365853658587,-0.9390243902439028
2007,Dallas Mavericks,7.2195121951219505,0.03265993702475406,3.7804878048780495,-0.6097560975609753
2007,Denver Nuggets,1.621951219512198,0.0016419781314176984,1.121951219512198,0.10975609756097526
2007,Detroit Pistons,4.158536585365852,0.01223602139000124,-0.6585365853658516,-2.487804878048781
2007,Golden State Warriors,-0.3414634146341484,0.008369695657312826,-5.012195121951223,-2.634146341463415
2007,Houston Rockets,4.853658536585357,0.033555858886902434,2.5,-0.012195121951220855
2007,Indiana Pacers,-2.439024390243901,-0.015621400485674397,0.207317073170735,0.560975609756099
2007,Los Angeles Clippers,-0.4634146341463463,-0.005825717296340849,1.853658536585371,1.3048780487804876
2007,Los Angeles Lakers,-0.07317073170732158,0.009855193644268012,-1.0,0.7926829268292668
2007,Memphis Grizzlies,-5.146341463414643,-0.02785125759903262,-2.524390243902438,1.0975609756097562
2007,Miami Heat,-0.9146341463414558,0.021610813885910296,-0.5487804878048834,0.19512195121951237
2007,Milwaukee Bucks,-4.378048780487802,-0.018946260201766485,-3.8658536585365866,-0.536585365853659
2007,Minnesota Timberwolves,-3.670731707317074,-0.008740188163510354,-1.2439024390243958,1.4024390243902438
2007,New Jersey Nets,-0.7682926829268268,0.013155031561548791,-0.5609756097560918,0.29268292682926855
2007,New Orleans/Oklahoma City Hornets,-1.5731707317073074,-0.018930129799997475,2.329268292682926,0.8292682926829276
2007,New York Knicks,-2.853658536585371,-0.009419214636781081,4.463414634146339,3.45121951219512
2007,Orlando Magic,0.7804878048780495,0.020757755881114837,3.121951219512198,1.9512195121951237
2007,Philadelphia 76ers,-3.0243902439024453,-0.02265082990585776,-1.4756097560975618,-0.2682926829268286
2007,Phoenix Suns,7.3048780487804805,0.05994421016191431,-2.3414634146341484,-0.6463414634146343
2007,Portland Trail Blazers,-4.292682926829272,-0.025134808966942535,0.30487804878048763,1.3292682926829258
2007,Sacramento Kings,-1.8048780487804947,-0.023195121984944,-4.414634146341463,-1.7195121951219523
2007,San Antonio Spurs,8.426829268292693,0.051621374762865546,1.585365853658537,-0.47560975609756184
2007,Seattle SuperSonics,-2.8902439024390247,-0.017156215594545166,-1.3658536585365866,0.426829268292682
2007,Toronto Raptors,0.9878048780487774,0.001360604960859546,-3.0975609756097526,-1.6707317073170742
2007,Utah Jazz,2.8658536585365795,0.0048161284624531064,5.4878048780487845,0.5731707317073162
2007,Washington Wizards,-0.5121951219512226,-0.026199895193820044,-1.792682926829272,-1.9268292682926838
2008,Atlanta Hawks,-1.8170731707317032,-0.017029431787674187,1.3170731707317032,1.2195121951219505
2008,Boston Celtics,10.256097560975604,0.06429358306092525,3.121951219512198,-0.7560975609756095
2008,Charlotte Bobcats,-4.378048780487802,-0.011968888541691647,-3.1097560975609753,0.32926829268292757
2008,Chicago Bulls,-3.085365853658544,-0.02703795439692025,0.39024390243902474,-0.6951219512195124
2008,Cleveland Cavaliers,-0.35365853658537105,-0.01449653415926766,4.158536585365852,0.6463414634146343
2008,Dallas Mavericks,4.536585365853668,0.02808577798412587,2.7439024390243887,0.463414634146341
2008,Denver Nuggets,3.707317073170728,0.010239241646487929,-1.292682926829272,-1.7073170731707332
2008,Detroit Pistons,7.390243902439025,0.02501503170354291,2.292682926829272,-1.8536585365853657
2008,Golden State Warriors,2.207317073170728,0.002510881208037663,-3.8414634146341484,-3.6829268292682933
2008,Houston Rockets,4.682926829268297,0.02551625588156775,3.975609756097562,0.3780487804878039
2008,Indiana Pacers,-1.4024390243902474,-0.0022186269786079182,-2.3414634146341484,-0.7439024390243905
2008,Los Angeles Clippers,-7.268292682926827,-0.03883132165466657,-3.439024390243901,0.8292682926829276
2008,Los Angeles Lakers,7.256097560975604,0.040928867398415114,1.353658536585371,-0.14634146341463428
2008,Memphis Grizzlies,-6.207317073170742,-0.02176036796841796,-2.9024390243902403,1.8902439024390247
2008,Miami Heat,-8.646341463414629,-0.029104985389302673,-5.463414634146339,0.43902439024390283
2008,Milwaukee Bucks,-6.890243902439025,-0.04127444351534537,1.0,1.036585365853659
2008,Minnesota Timberwolves,-6.7804878048780495,-0.02918364670750323,-0.292682926829265,1.036585365853659
2008,New Jersey Nets,-5.060975609756099,-0.01604631469417367,0.24390243902438868,1.5975609756097562
2008,New Orleans Hornets,5.2804878048780495,0.010191016322155466,1.0121951219512226,-1.97560975609756
2008,New York Knicks,-6.609756097560975,-0.04303919895448388,-0.13414634146341342,1.7195121951219523
2008,Orlando Magic,5.463414634146332,0.050814569245509755,0.31707317073171026,1.1219512195121943
2008,Philadelphia 76ers,0.41463414634147,-0.021176735558583237,2.6951219512195124,-1.426829268292682
2008,Phoenix Suns,5.048780487804876,0.06274151759304514,-2.3902439024390247,1.012195121951219
2008,Portland Trail Blazers,-0.975609756097569,-0.0018188543685140335,-1.0121951219512226,0.3658536585365866
2008,Sacramento Kings,-2.2560975609756184,-0.008709597948504566,-1.8292682926829258,0.8170731707317085
2008,San Antonio Spurs,4.792682926829258,0.02632666648857357,0.9756097560975618,-0.2804878048780495
2008,Seattle SuperSonics,-8.756097560975618,-0.03468904949686574,0.5243902439024453,2.7804878048780495
2008,Toronto Raptors,2.9024390243902474,0.007793269766503408,-1.5487804878048834,-2.3170731707317067
2008,Utah Jazz,6.878048780487802,0.02762895932115328,3.0731707317073145,-1.2804878048780477
2008,Washington Wizards,-0.3292682926829258,-0.02369968549951995,0.40243902439024026,-0.8170731707317067
2009,Atlanta Hawks,1.5731707317073216,0.009730524156597975,-1.8780487804878092,-0.890243902439023
2009,Boston Celtics,7.512195121951223,0.05736274471810293,4.536585365853661,1.036585365853659
2009,Charlotte Bobcats,-1.2682926829268268,-0.004534644151686862,0.792682926829265,0.8902439024390247
2009,Chicago Bulls,-0.2804878048780495,-0.0005633608342802687,-0.6951219512195124,0.1829268292682933
2009,Cleveland Cavaliers,8.926829268292678,0.05266123609316259,3.3170731707317103,-1.1219512195121943
2009,Dallas Mavericks,1.975609756097569,0.01152336418378691,1.353658536585371,-0.2560975609756113
2009,Denver Nuggets,3.414634146341456,0.025161841541736896,0.3658536585365866,-0.09756097560975618
2009,Detroit Pistons,-0.48780487804877737,-0.002480243026656337,1.0121951219512226,0.10975609756097526
2009,Golden State Warriors,-3.743902439024396,-0.010012238292978037,-5.060975609756092,-0.34146341463414664
2009,Houston Rockets,4.0,0.022360969835860778,3.0731707317073145,1.7804878048780477
2009,Indiana Pacers,-1.1097560975609753,0.0008575332054030493,-0.39024390243902474,0.463414634146341
2009,Los Angeles Clippers,-8.768292682926827,-0.03183772518480876,-4.243902439024389,1.5609756097560972
2009,Los Angeles Lakers,7.658536585365852,0.02321600591690054,2.475609756097562,-2.097560975609756
2009,Memphis Grizzlies,-5.463414634146346,-0.031006491422907567,-1.085365853658537,0.7073170731707314
2009,Miami Heat,0.2560975609756184,-0.0016763479792106795,-2.353658536585364,-2.6829268292682933
2009,Milwaukee Bucks,-1.08536585365853,-0.021366001594756046,-0.21951219512195053,-2.3902439024390265
2009,Minnesota Timberwolves,-4.914634146341456,-0.032962229715977176,0.7926829268292721,1.6707317073170724
2009,New Jersey Nets,-2.439024390243901,-0.01133348562515829,-1.585365853658537,-0.34146341463414664
2009,New Orleans Hornets,1.5487804878048763,0.004669965648761487,-0.31707317073171026,-0.7317073170731714
2009,New York Knicks,-2.6097560975609753,-0.018132750324681757,-3.9512195121951166,-0.1707317073170742
2009,Oklahoma City Thunder,-6.097560975609767,-0.04211338290497513,1.414634146341463,2.3170731707317067
2009,Orlando Magic,6.695121951219505,0.053837413908442155,1.121951219512198,0.8536585365853675
2009,Philadelphia 76ers,0.07317073170732158,-0.021198237430371913,1.8902439024390247,-1.4756097560975618
2009,Phoenix Suns,1.9268292682926784,0.03399141857855614,0.91463414634147,1.5
2009,Portland Trail Blazers,5.341463414634148,0.01180030434246293,5.41463414634147,-0.32926829268292757
2009,Sacramento Kings,-8.756097560975618,-0.03502177594922262,-4.9268292682926855,1.073170731707318
2009,San Antonio Spurs,3.756097560975604,0.027311600403421177,0.6219512195121908,0.024390243902439934
2009,Toronto Raptors,-2.8170731707317174,-0.014841405808524388,-1.4512195121951166,0.06097560975609717
2009,Utah Jazz,2.646341463414629,-0.0010557942534815679,0.7560975609756113,-1.3780487804878039
2009,Washington Wizards,-7.463414634146346,-0.05434880803351805,-1.6951219512195124,0.07317073170731803
2010,Atlanta Hawks,4.658536585365852,0.010886555127428477,0.3292682926829329,-1.8902439024390247
2010,Boston Celtics,3.6585365853658516,0.03581478782071745,-1.4756097560975618,-0.7804878048780495
2010,Charlotte Bobcats,1.4634146341463463,-0.003275795432634565,1.1951219512195124,0.41463414634146467
2010,Chicago Bulls,-1.6341463414634205,-0.007530929965994915,1.792682926829272,1.036585365853659
2010,Cleveland Cavaliers,6.524390243902445,0.0488847648332964,3.939024390243901,1.1219512195121943
2010,Dallas Mavericks,2.7195121951219505,0.009812687418176314,-1.146341463414629,-1.6585365853658534
2010,Denver Nuggets,4.085365853658544,0.012179478745108996,-0.9024390243902403,-1.2073170731707314
2010,Detroit Pistons,-5.109756097560975,-0.0529448979528413,0.7439024390243887,-0.9024390243902438
2010,Golden State Warriors,-3.5975609756097526,-0.011213355900536959,-9.658536585365852,-2.902439024390244
2010,Houston Rockets,-0.3658536585365937,-0.01783430801711311,-0.792682926829265,-0.2317073170731696
2010,Indiana Pacers,-3.0121951219512226,0.0003487096496008757,-5.097560975609753,0.06097560975609717
2010,Los Angeles Clippers,-6.353658536585371,-0.015944559968022964,0.7317073170731732,2.7560975609756095
2010,Los Angeles Lakers,4.7195121951219505,0.011656845518637715,2.1341463414634134,-0.7682926829268304
2010,Memphis Grizzlies,-1.5121951219512226,-0.027121373376610303,3.7804878048780424,1.012195121951219
2010,Miami Heat,2.2804878048780495,0.016172744903062863,1.085365853658537,-1.2804878048780495
2010,Milwaukee Bucks,1.6951219512195195,-0.004857498307974661,0.15853658536585158,-2.060975609756097
2010,Minnesota Timberwolves,-9.597560975609753,-0.04497596137938614,-0.47560975609755474,1.9512195121951237
2010,New Jersey Nets,-9.121951219512198,-0.0596905604933744,-4.304878048780488,0.4024390243902438
2010,New Orleans Hornets,-2.463414634146332,-0.017850893909227894,-1.8780487804878092,-0.9024390243902438
2010,New York Knicks,-3.817073170731703,-0.01699823947070167,-4.5121951219512155,-0.4146341463414629
2010,Oklahoma City Thunder,3.4878048780487774,0.009529506117603725,2.8414634146341484,-0.1341463414634152
2010,Orlando Magic,7.487804878048777,0.05742365092473811,3.231707317073166,1.2804878048780495
2010,Philadelphia 76ers,-3.9024390243902474,-0.022246834018789352,0.048780487804876316,0.03658536585365901
2010,Phoenix Suns,4.902439024390247,0.055196061437333244,0.6585365853658516,1.7682926829268286
2010,Portland Trail Blazers,3.3048780487804805,-0.0035640767411037055,2.1097560975609753,-1.1219512195121943
2010,Sacramento Kings,-4.3658536585365795,-0.014665917135434137,0.5853658536585371,1.2926829268292686
2010,San Antonio Spurs,5.08536585365853,0.03275439212010989,3.2560975609756113,1.0243902439024382
2010,Toronto Raptors,-1.7804878048780495,0.009997536519215644,-0.8902439024390176,0.7317073170731696
2010,Utah Jazz,5.341463414634148,0.03254208262339092,3.0121951219512226,0.09756097560975618
2010,Washington Wizards,-4.7804878048780495,-0.022484601688675054,-0.5,1.2682926829268286
2011,Atlanta Hawks,-0.8170731707317032,0.006149582309920687,-1.2804878048780495,1.1219512195121961
2011,Boston Celtics,5.3658536585365795,0.0492919190905014,-0.8292682926829329,-0.8170731707317085
2011,Charlotte Bobcats,-4.0,-0.019286103461183424,0.5121951219512226,1.3414634146341466
2011,Chicago Bulls,7.317073170731703,0.03806525077118206,5.743902439024389,0.024390243902438158
2011,Cleveland Cavaliers,-9.012195121951223,-0.05156164538466612,-3.231707317073173,0.6707317073170724
2011,Dallas Mavericks,4.231707317073173,0.036503672216929295,0.7195121951219505,0.3780487804878039
2011,Denver Nuggets,4.756097560975618,0.02449009333685681,0.6585365853658516,0.3658536585365848
2011,Detroit Pistons,-3.5975609756097526,-0.033353948237297926,-2.060975609756092,-1.1341463414634152
2011,Golden State Warriors,-2.329268292682926,0.0001721359817206114,-4.256097560975611,-1.5365853658536572
2011,Houston Rockets,2.182926829268297,0.00351781225276826,0.04878048780488342,-0.1829268292682915
2011,Indiana Pacers,-1.0731707317073074,-6.21915320814237e-05,0.26829268292682684,1.451219512195122
2011,Los Angeles Clippers,-3.1341463414634205,-0.004186241365973842,1.6097560975609753,2.658536585365855
2011,Los Angeles Lakers,6.109756097560975,0.023632931947106528,2.4878048780487774,-0.5243902439024382
2011,Memphis Grizzlies,2.3414634146341484,-0.009451257234482702,0.8414634146341413,-2.7073170731707332
2011,Miami Heat,7.463414634146346,0.04905665335145837,2.9634146341463463,0.7439024390243905
2011,Milwaukee Bucks,-0.8414634146341484,-0.015427497237448129,-1.5,-1.7317073170731714
2011,Minnesota Timberwolves,-6.634146341463406,-0.03132569232618809,1.8414634146341484,2.6219512195121926
2011,New Jersey Nets,-6.243902439024396,-0.027976042790056166,-0.9146341463414629,1.7317073170731714
2011,New Orleans Hornets,0.8902439024390247,-0.009069998306501459,0.8048780487804876,-1.5
2011,New York Knicks,0.7804878048780495,0.0018994865601317246,-3.5731707317073145,-1.548780487804878
2011,Oklahoma City Thunder,3.792682926829272,0.009813411446892129,2.1951219512195124,0.04878048780487809
2011,Orlando Magic,5.463414634146332,0.043755384836154376,3.5121951219512226,1.073170731707318
2011,Philadelphia 76ers,1.5,0.007391970579652407,-0.7439024390243887,-1.2804878048780495
2011,Phoenix Suns,-0.8902439024390247,0.00872843978467408,-4.060975609756092,-0.24390243902439046
2011,Portland Trail Blazers,1.5243902439024453,-0.021290393885045666,-0.3292682926829258,-2.634146341463415
2011,Sacramento Kings,-5.341463414634148,-0.032966813141827034,2.6951219512195124,1.4634146341463392
2011,San Antonio Spurs,5.707317073170742,0.03579908141686572,0.6585365853658516,0.07317073170731803
2011,Toronto Raptors,-6.2804878048780495,-0.031153817643149673,-0.7682926829268268,0.7926829268292686
2011,Utah Jazz,-1.8292682926829258,-0.009329607680691299,-1.4024390243902474,-0.2926829268292668
2011,Washington Wizards,-7.402439024390247,-0.04182657565622161,-2.6097560975609753,-0.426829268292682
2012,Atlanta Hawks,3.4393939393939377,0.019197365874834338,-1.106060606060609,-1.1818181818181817
2012,Boston Celtics,2.5151515151515156,0.045197555617221996,-4.4090909090909065,-0.8484848484848477
2012,Charlotte Bobcats,-13.909090909090907,-0.07262289967890634,-6.060606060606062,1.0151515151515156
2012,Chicago Bulls,8.181818181818173,0.04112798416609692,6.68181818181818,0.712121212121211
2012,Cleveland Cavaliers,-7.196969696969703,-0.04561409511460224,-0.5303030303030312,1.5151515151515138
2012,Dallas Mavericks,0.9545454545454533,0.008937531514119912,-1.1515151515151487,-0.6818181818181817
2012,Denver Nuggets,2.8787878787878753,0.007486882690029839,2.8030303030303045,-0.19696969696969724
2012,Detroit Pistons,-4.787878787878796,-0.03216454048294032,-0.46969696969696884,1.121212121212121
2012,Golden State Warriors,-3.4090909090909207,0.009623877289587635,-6.651515151515156,-0.954545454545455
2012,Houston Rockets,0.22727272727273373,0.0015102247315722517,0.4090909090909065,-0.2575757575757578
2012,Indiana Pacers,3.3030303030303116,-0.0021296789903740287,1.5757575757575708,-0.9090909090909083
2012,Los Angeles Clippers,2.5606060606060623,0.0107245115505058,1.7727272727272734,-1.3181818181818183
2012,Los Angeles Lakers,1.424242424242422,0.014778560973278398,5.242424242424242,3.8181818181818183
2012,Memphis Grizzlies,2.0151515151515156,-0.011266727769137896,1.393939393939398,-2.6515151515151523
2012,Miami Heat,5.984848484848484,0.024050176363128173,1.8484848484848513,-1.5909090909090917
2012,Milwaukee Bucks,0.27272727272726627,-0.007674968631517842,-2.242424242424242,-1.8181818181818183
2012,Minnesota Timberwolves,-2.1969696969697026,-0.013288468946461851,0.28787878787878896,1.9090909090909083
2012,New Jersey Nets,-5.984848484848484,-0.0411227166192934,-2.2727272727272734,0.787878787878789
2012,New Orleans Hornets,-3.7575757575757507,-0.007635057413750812,1.1212121212121176,1.6515151515151523
2012,New York Knicks,3.1969696969696884,0.006064754789149973,-0.10606060606060908,-1.0454545454545467
2012,Oklahoma City Thunder,6.121212121212125,0.05157198177021377,2.4090909090909065,2.1515151515151505
2012,Orlando Magic,0.7878787878787961,0.01643621802614298,1.1212121212121176,1.7727272727272716
2012,Philadelphia 76ers,4.242424242424249,0.01913564242720872,-0.5909090909090935,-2.7272727272727266
2012,Phoenix Suns,-0.24242424242424931,0.00903734181734861,-1.7272727272727266,-0.015151515151515582
2012,Portland Trail Blazers,-0.6212121212121104,-0.01697531764255178,-1.6363636363636402,-0.7121212121212128
2012,Sacramento Kings,-5.681818181818187,-0.04318588317450239,-2.1212121212121176,-0.9393939393939394
2012,San Antonio Spurs,7.166666666666671,0.04021838392886912,1.7727272727272734,-0.16666666666666607
2012,Toronto Raptors,-3.3030303030302974,0.00041886417658759667,1.4696969696969688,1.9848484848484844
2012,Utah Jazz,0.6212121212121247,-0.011925053815664777,3.030303030303031,-0.4848484848484844
2012,Washington Wizards,-4.803030303030297,-0.01991244942619219,-1.8636363636363669,0.06060606060606055
2013,Atlanta Hawks,0.40243902439024737,0.022090100328974516,-2.878048780487802,-0.3658536585365866
2013,Boston Celtics,-0.21951219512195053,0.02077982724896771,-4.158536585365852,-0.7073170731707314
2013,Brooklyn Nets,1.7804878048780495,-0.006317353718983176,3.5731707317073145,1.2682926829268286
2013,Charlotte Bobcats,-9.231707317073173,-0.06486491143152617,-3.7804878048780424,0.012195121951219079
2013,Chicago Bulls,0.31707317073171737,-0.007023783857162569,2.0731707317073216,0.5853658536585371
2013,Cleveland Cavaliers,-4.682926829268297,-0.05082981891113525,-1.08536585365853,-1.2195121951219523
2013,Dallas Mavericks,-0.5975609756097526,0.013046123091834005,-3.6585365853658516,-0.7073170731707314
2013,Denver Nuggets,5.08536585365853,0.02252492769544101,3.439024390243908,-0.6341463414634134
2013,Detroit Pistons,-3.9878048780487774,-0.01661726044443701,0.35365853658537105,1.4024390243902438
2013,Golden State Warriors,0.8902439024390247,0.019778605373003355,2.231707317073173,1.5365853658536572
2013,Houston Rockets,3.475609756097569,0.02322612626290721,1.7804878048780495,1.6829268292682915
2013,Indiana Pacers,3.9756097560975547,0.025221366622707853,4.926829268292678,1.5975609756097562
2013,Los Angeles Clippers,6.4512195121951095,0.03091322246214756,2.5243902439024453,-1.487804878048781
2013,Los Angeles Lakers,1.1585365853658516,0.017364460454263486,2.146341463414636,2.0853658536585353
2013,Memphis Grizzlies,4.146341463414643,-0.002290029084199119,3.6585365853658587,-1.512195121951219
2013,Miami Heat,7.8658536585365795,0.06523015187245385,-1.5121951219512226,-1.6707317073170724
2013,Milwaukee Bucks,-1.5,-0.015149840801278625,-2.085365853658537,-1.8780487804878057
2013,Minnesota Timberwolves,-2.3658536585365795,-0.038426885375175246,-0.09756097560975974,-1.073170731707318
2013,New Orleans Hornets,-3.8658536585365795,-0.031403686986316515,2.292682926829265,1.3048780487804876
2013,New York Knicks,4.231707317073173,0.0066416660968299235,-1.085365853658537,-3.097560975609756
2013,Oklahoma City Thunder,9.207317073170728,0.058017589481865084,2.9512195121951237,0.5
2013,Orlando Magic,-6.987804878048777,-0.024386553789874865,-0.048780487804876316,2.0853658536585353
2013,Philadelphia 76ers,-3.3414634146341484,-0.014492447893849347,-2.6585365853658516,-1.2804878048780495
2013,Phoenix Suns,-6.463414634146332,-0.03373348973954471,-1.7439024390243887,0.24390243902439046
2013,Portland Trail Blazers,-3.170731707317074,-0.014934328855638224,-1.5975609756097597,1.5731707317073162
2013,Sacramento Kings,-4.878048780487802,-0.025727463985254162,-3.0,-0.10975609756097704
2013,San Antonio Spurs,6.402439024390247,0.05152478142538175,-1.2439024390243887,-0.1829268292682933
2013,Toronto Raptors,-1.475609756097569,-0.011310988186856386,-1.5121951219512155,-0.5487804878048781
2013,Utah Jazz,-0.08536585365853,-0.011327513859291038,1.207317073170728,0.04878048780487809
2013,Washington Wizards,-2.5365853658536537,-0.007522591496254338,-1.0121951219512226,0.5487804878048781
2014,Atlanta Hawks,-0.47560975609755474,0.004775574526476256,-3.560975609756099,0.04878048780487809
2014,Boston Celtics,-4.463414634146332,-0.027914764292748584,0.21951219512195053,1.1341463414634152
2014,Brooklyn Nets,-1.0,0.0058939981593021384,-4.7195121951219505,-1.2804878048780495
2014,Charlotte Bobcats,-0.21951219512195053,-0.01001016479430783,-0.6219512195121979,-0.9756097560975618
2014,Chicago Bulls,1.8536585365853568,0.0002622430244657026,2.878048780487809,0.5487804878048781
2014,Cleveland Cavaliers,-3.292682926829272,-0.030502832362394927,1.5731707317073216,0.23170731707317138
2014,Dallas Mavericks,2.4024390243902474,0.011031242771201377,-1.9268292682926784,-2.463414634146341
2014,Denver Nuggets,-2.146341463414643,-0.0024475364300786673,1.5975609756097526,1.548780487804878
2014,Detroit Pistons,-3.6585365853658516,-0.03966119768071974,2.3902439024390247,-0.4512195121951219
2014,Golden State Warriors,4.8048780487804805,0.03881363925537018,2.024390243902438,0.1829268292682933
2014,Houston Rockets,4.560975609756099,0.041558207868256924,3.670731707317074,2.1219512195121943
2014,Indiana Pacers,4.402439024390247,0.03035367422978935,3.524390243902438,1.4268292682926838
2014,Los Angeles Clippers,6.975609756097555,0.042175563064572485,-0.7317073170731732,-1.52439024390244
2014,Los Angeles Lakers,-6.292682926829272,-0.007960546641545885,-7.963414634146339,0.9146341463414629
2014,Memphis Grizzlies,1.5731707317073074,-0.003665308626162267,3.2195121951219505,-0.463414634146341
2014,Miami Heat,4.756097560975604,0.042759340293691106,-3.439024390243908,-1.914634146341463
2014,Milwaukee Bucks,-8.182926829268297,-0.04070692273386117,-2.4268292682926855,0.9756097560975618
2014,Minnesota Timberwolves,2.670731707317074,-0.031217520027008783,0.5243902439024382,-2.487804878048779
2014,New Orleans Pelicans,-2.707317073170728,-0.019523109940769667,0.0,-0.6829268292682933
2014,New York Knicks,-0.7926829268292721,-0.009057534976153914,-1.6585365853658516,-1.585365853658537
2014,Oklahoma City Thunder,6.341463414634148,0.03174173812470843,3.8048780487804876,0.09756097560975618
2014,Orlando Magic,-5.439024390243901,-0.01803287985514551,-1.914634146341463,0.926829268292682
2014,Philadelphia 76ers,-10.451219512195124,-0.04817302593115552,-4.170731707317074,-0.0853658536585371
2014,Phoenix Suns,2.6341463414634205,0.02272996324647919,0.207317073170735,0.0
2014,Portland Trail Blazers,3.9878048780487916,0.015504230454338797,2.9512195121951237,1.7195121951219505
2014,Sacramento Kings,-2.9024390243902474,-0.029473257923914975,3.231707317073166,1.6219512195121961
2014,San Antonio Spurs,7.7195121951219505,0.05600302384953981,1.0487804878048763,0.5243902439024399
2014,Toronto Raptors,3.243902439024396,0.005983532150463211,1.560975609756099,-0.7926829268292686
2014,Utah Jazz,-7.170731707317074,-0.03384742989426831,-1.2804878048780495,2.02439024390244
2014,Washington Wizards,1.2682926829268268,0.0026080610915802938,-0.012195121951222632,-1.3414634146341449
2015,Atlanta Hawks,5.426829268292678,0.03593134636907369,-3.085365853658537,-1.8292682926829276
2015,Boston Celtics,0.15853658536585158,-0.004092602006646129,-0.853658536585364,-1.2926829268292686
2015,Brooklyn Nets,-2.878048780487802,-0.015153687700884544,-1.9878048780487845,-0.04878048780487809
2015,Charlotte Hornets,-3.170731707317074,-0.03211587239748903,-0.06097560975609895,-0.6951219512195124
2015,Chicago Bulls,3.0,0.017101407498280263,2.317073170731703,1.7682926829268286
2015,Cleveland Cavaliers,4.475609756097569,0.016483316948786353,1.8414634146341413,0.9634146341463428
2015,Dallas Mavericks,2.9024390243902474,0.01135602710773198,-3.878048780487809,-3.378048780487804
2015,Denver Nuggets,-3.5487804878048763,-0.02409920342242583,-0.39024390243902474,-0.1341463414634152
2015,Detroit Pistons,-1.0,-0.020844994257571803,0.7804878048780495,-0.573170731707318
2015,Golden State Warriors,10.097560975609753,0.07106455737322137,0.1707317073170742,-1.7560975609756095
2015,Houston Rockets,3.439024390243901,0.02712340759150539,-0.14634146341463605,0.29268292682926855
2015,Indiana Pacers,0.2804878048780495,0.00508473421413036,2.121951219512191,1.2439024390243905
2015,Los Angeles Clippers,6.58536585365853,0.039914718938913185,-0.26829268292682684,-1.9390243902439028
2015,Los Angeles Lakers,-6.841463414634148,-0.044849601629526614,-0.26829268292682684,0.2195121951219523
2015,Memphis Grizzlies,3.2439024390243816,-0.0019860086074871552,0.1219512195121979,-1.987804878048781
2015,Miami Heat,-2.5975609756097526,-0.007100959762048054,-1.8658536585365795,-0.012195121951219079
2015,Milwaukee Bucks,0.4268292682926784,0.012921229724081662,-0.7804878048780495,-0.634146341463417
2015,Minnesota Timberwolves,-8.792682926829272,-0.07019114801844661,-2.646341463414636,-0.14634146341463428
2015,New Orleans Pelicans,0.7926829268292721,0.005803321828878216,1.9024390243902474,1.0243902439024382
2015,New York Knicks,-9.317073170731703,-0.04165294771581041,-3.1341463414634134,0.6463414634146343
2015,Oklahoma City Thunder,2.182926829268297,0.0030295869940237252,4.7804878048780495,1.0609756097560972
2015,Orlando Magic,-5.719512195121965,-0.020417203561394037,-1.646341463414629,0.43902439024390283
2015,Philadelphia 76ers,-8.975609756097569,-0.03838245158372883,-3.4024390243902474,0.9634146341463392
2015,Phoenix Suns,-0.9024390243902474,0.0035482492226563966,-2.170731707317074,-0.463414634146341
2015,Portland Trail Blazers,4.231707317073173,0.03107691151256675,1.2682926829268268,1.439024390243901
2015,Sacramento Kings,-3.707317073170728,-0.017192395639037572,3.0,3.3414634146341484
2015,San Antonio Spurs,6.1951219512195195,0.033600868850871324,1.4878048780487774,-0.25609756097560954
2015,Toronto Raptors,3.0731707317073074,0.0016686784480313133,-0.9024390243902474,-1.5243902439024382
2015,Utah Jazz,0.21951219512195053,0.0029423083987336063,4.731707317073166,2.1951219512195124
2015,Washington Wizards,0.7195121951219505,0.01942840528101092,2.963414634146339,1.073170731707318
2016,Atlanta Hawks,3.6097560975609753,0.036121629080980766,-4.414634146341463,-1.1951219512195106
2016,Boston Celtics,3.207317073170728,0.0006610803768173357,-1.060975609756099,-2.6951219512195106
2016,Brooklyn Nets,-7.353658536585371,-0.043565014567695515,-1.0,0.609756097560977
2016,Charlotte Hornets,2.7195121951219505,0.004441853948818186,-0.7195121951219505,-0.8902439024390247
2016,Chicago Bulls,-1.475609756097569,0.002186327432323054,0.35365853658536395,2.0365853658536572
2016,Cleveland Cavaliers,6.0,0.02833794075051338,3.4878048780487845,0.2682926829268304
2016,Dallas Mavericks,-0.3048780487804805,-0.0008280738226993378,-2.7195121951219505,-1.1585365853658551
2016,Denver Nuggets,-3.0975609756097526,-0.02649774683795042,1.9512195121951237,0.9756097560975601
2016,Detroit Pistons,0.6097560975609753,-0.012254769460148696,3.7804878048780495,0.1341463414634152
2016,Golden State Warriors,10.756097560975604,0.08523980314834434,2.3048780487804876,0.7317073170731714
2016,Houston Rockets,0.19512195121950526,-0.0005758586305116831,-1.5731707317073145,-0.6585365853658534
2016,Indiana Pacers,1.707317073170728,0.007913686159174982,-0.30487804878048763,-0.9512195121951219
2016,LA Clippers,4.2804878048780495,0.043396164967015094,-4.646341463414636,-2.402439024390244
2016,Los Angeles Lakers,-9.560975609756099,-0.062425874781190105,-3.524390243902438,1.0609756097560972
2016,Memphis Grizzlies,-2.243902439024396,-0.03940354475204211,-1.5609756097560918,-2.8902439024390247
2016,Miami Heat,1.646341463414629,0.022032426355259704,2.8658536585365866,1.1585365853658534
2016,Milwaukee Bucks,-4.182926829268297,-0.012373385629984246,-1.3170731707317032,-0.2682926829268304
2016,Minnesota Timberwolves,-3.5365853658536537,-0.02588565107237273,-0.3292682926829258,0.13414634146341342
2016,New Orleans Pelicans,-3.792682926829272,-0.02541099584031231,-1.8048780487804876,-0.30487804878048763
2016,New York Knicks,-2.731707317073159,-0.003908254970955316,0.18292682926829684,2.097560975609756
2016,Oklahoma City Thunder,7.2804878048780495,0.04021236677987339,8.426829268292686,2.8902439024390247
2016,Orlando Magic,-1.621951219512198,-0.0136402602985507,-0.9756097560975547,-1.0365853658536572
2016,Philadelphia 76ers,-10.231707317073159,-0.022746536946929408,-6.31707317073171,1.2439024390243905
2016,Phoenix Suns,-6.658536585365866,-0.036634608120226786,1.1341463414634134,2.2682926829268286
2016,Portland Trail Blazers,0.8292682926829258,0.007527682538549629,1.792682926829265,1.3658536585365866
2016,Sacramento Kings,-2.475609756097569,-0.010795248485307773,-0.768292682926834,0.2195121951219523
2016,San Antonio Spurs,10.634146341463406,0.049050933387976114,3.3902439024390247,-1.7439024390243905
2016,Toronto Raptors,4.5,0.006773365677407384,2.646341463414636,-0.25609756097560954
2016,Utah Jazz,1.792682926829272,0.0073096486527073345,3.1585365853658587,0.9512195121951219
2016,Washington Wizards,-0.5,-0.004259085038883503,-2.439024390243901,-1.6951219512195141
2017,Atlanta Hawks,-0.853658536585371,-0.0025812960046632805,0.4512195121951237,0.39024390243902474
2017,Boston Celtics,2.6341463414634205,0.02184346413726901,-2.5731707317073216,-0.6463414634146343
2017,Brooklyn Nets,-6.731707317073173,-0.006216831136019785,-3.256097560975604,3.2195121951219505
2017,Charlotte Hornets,0.19512195121951947,-0.023463881728251867,-0.8170731707317103,-1.5731707317073162
2017,Chicago Bulls,0.4268292682926784,-0.02030792394773917,3.1097560975609753,0.14634146341463428
2017,Cleveland Cavaliers,3.182926829268297,0.030563224375384834,-0.47560975609756184,1.0731707317073162
2017,Dallas Mavericks,-2.9268292682926784,-0.02501662791890935,-5.939024390243908,-3.085365853658537
2017,Denver Nuggets,0.5121951219512226,-0.0014170360013476824,5.5731707317073145,2.97560975609756
2017,Detroit Pistons,-1.121951219512198,-0.026334794695072827,2.792682926829265,-0.8902439024390247
2017,Golden State Warriors,11.63414634146342,0.07870663816501866,0.9268292682926855,-0.7439024390243905
2017,Houston Rockets,5.768292682926827,0.024053627918525056,0.30487804878048763,0.06097560975609717
2017,Indiana Pacers,-0.21951219512195053,0.005155052599953636,-2.268292682926827,-1.1585365853658534
2017,LA Clippers,4.292682926829272,0.03234042720999941,-0.10975609756097526,-0.2682926829268286
2017,Los Angeles Lakers,-6.878048780487802,-0.04133227870349854,-0.9146341463414629,0.6707317073170724
2017,Memphis Grizzlies,0.48780487804877737,-0.01442265218216593,0.6585365853658516,-1.3658536585365866
2017,Miami Heat,1.060975609756099,0.015974845252439196,0.03658536585366079,-0.2317073170731696
2017,Milwaukee Bucks,-0.18292682926829684,0.009015557546606878,-2.0487804878048763,-0.7317073170731714
2017,Minnesota Timberwolves,-1.1097560975609753,-0.024478246601295717,2.0,-0.23170731707317138
2017,New Orleans Pelicans,-2.0975609756097526,-0.004927070012904711,-4.646341463414636,-1.0975609756097562
2017,New York Knicks,-3.670731707317074,-0.015759453731993223,0.4634146341463392,0.963414634146341
2017,Oklahoma City Thunder,0.7560975609756042,-0.012596130078432521,5.975609756097562,1.2317073170731714
2017,Orlando Magic,-6.573170731707307,-0.03466454229147964,-2.3414634146341484,0.2682926829268286
2017,Philadelphia 76ers,-5.6951219512195195,-0.011577670530985462,-2.1341463414634134,1.52439024390244
2017,Phoenix Suns,-5.6341463414634205,-0.03169894775397314,0.9268292682926855,0.5243902439024399
2017,Portland Trail Blazers,-0.5243902439024453,0.01095876437698573,-0.3414634146341484,0.9024390243902438
2017,Sacramento Kings,-3.878048780487802,-0.011812634964234126,-1.8048780487804876,0.6829268292682933
2017,San Antonio Spurs,7.195121951219505,0.0330262280028959,2.414634146341463,-1.012195121951219
2017,Toronto Raptors,4.207317073170742,0.009755816412334584,1.1829268292682968,-1.9390243902439028
2017,Utah Jazz,3.939024390243901,0.03352237050292539,3.036585365853661,1.5
2017,Washington Wizards,1.8048780487804947,0.00369200178262874,-0.18292682926829684,-1.1585365853658551
2018,Atlanta Hawks,-5.451219512195124,-0.02398328863446575,-2.317073170731703,0.43902439024390283
2018,Boston Celtics,3.585365853658544,0.023194494724486037,0.6097560975609753,-0.1341463414634152
2018,Brooklyn Nets,-3.743902439024396,-0.0023206878407330267,-2.3170731707317103,2.8048780487804876
2018,Charlotte Hornets,0.2560975609756042,-0.025157618599367493,1.7682926829268268,-0.8658536585365848
2018,Chicago Bulls,-7.036585365853668,-0.04480929375457915,-1.0,0.42682926829268375
2018,Cleveland Cavaliers,0.939024390243901,0.008069180961414846,-1.5,0.25609756097560954
2018,Dallas Mavericks,-3.036585365853668,-0.018385610691814658,-4.5,-1.451219512195122
2018,Denver Nuggets,1.4756097560975547,-0.002351319164813126,2.8902439024390247,1.1585365853658534
2018,Detroit Pistons,-0.14634146341464316,-0.013126140797857455,-0.036585365853653684,-1.3780487804878039
2018,Golden State Warriors,5.975609756097569,0.06537979719670117,1.0243902439024453,1.0975609756097562
2018,Houston Rockets,8.475609756097569,0.02854452588354095,1.414634146341463,-0.7073170731707314
2018,Indiana Pacers,1.378048780487802,-0.002464003943555948,-0.6097560975609753,-2.2439024390243905
2018,LA Clippers,0.036585365853653684,0.007597215933049406,0.2560975609756042,0.609756097560977
2018,Los Angeles Lakers,-1.5487804878048763,0.0017278196321623973,1.5609756097560918,1.52439024390244
2018,Memphis Grizzlies,-6.207317073170728,-0.030152079579893964,-1.9756097560975618,0.19512195121951237
2018,Miami Heat,0.47560975609756895,0.013921317651723997,0.35365853658536395,0.21951219512195053
2018,Milwaukee Bucks,-0.30487804878049474,0.0022590739046890462,-2.878048780487802,-1.7560975609756095
2018,Minnesota Timberwolves,2.231707317073173,-0.01615008258620776,0.14634146341462895,-2.634146341463415
2018,New Orleans Pelicans,1.3048780487804805,0.027466050336549475,-1.1585365853658516,0.4512195121951219
2018,New York Knicks,-3.560975609756099,-0.010882178041615287,0.8658536585365866,1.3902439024390247
2018,Oklahoma City Thunder,3.41463414634147,-0.011160157640485058,2.9024390243902474,-2.0365853658536572
2018,Orlando Magic,-4.817073170731703,-0.012322922333540265,-4.2195121951219505,0.3170731707317085
2018,Philadelphia 76ers,4.5,0.041768446374823576,5.243902439024396,2.1951219512195124
2018,Phoenix Suns,-9.365853658536594,-0.0368300539080999,-1.7439024390243887,2.329268292682926
2018,Portland Trail Blazers,2.5975609756097526,0.00850606025607381,2.560975609756092,0.890243902439023
2018,Sacramento Kings,-6.987804878048777,-0.03964845452397725,-2.853658536585364,-0.609756097560977
2018,San Antonio Spurs,2.8902439024390247,-2.5404013513363743e-05,1.6951219512195124,-0.9390243902439028
2018,Toronto Raptors,7.7804878048780495,0.03844484317327157,1.5731707317073145,-0.9878048780487809
2018,Utah Jazz,4.3048780487804805,0.019423206754924704,1.646341463414636,-0.23170731707317138
2018,Washington Wizards,0.58536585365853,0.0034672632711085782,0.5975609756097597,-0.3292682926829258
2019,Atlanta Hawks,-6.024390243902431,-0.0191392745789577,0.06097560975609184,1.9878048780487791
2019,Boston Celtics,4.439024390243901,0.021071397479194176,-1.353658536585371,-2.3048780487804876
2019,Brooklyn Nets,-0.07317073170730737,0.007041950918096784,0.3414634146341413,1.6097560975609753
2019,Charlotte Hornets,-1.0975609756097526,-0.023614925144157972,-2.0,-1.3170731707317067
2019,Chicago Bulls,-8.41463414634147,-0.03549645559468306,-3.5487804878048763,0.8170731707317085
2019,Cleveland Cavaliers,-9.609756097560975,-0.06176335420063406,-1.4512195121951237,1.02439024390244
2019,Dallas Mavericks,-1.2804878048780495,-0.0027488492865271885,0.4878048780487845,1.2439024390243905
2019,Denver Nuggets,3.9512195121951237,0.006875955248044963,3.9024390243902474,-0.08536585365853533
2019,Detroit Pistons,-0.2439024390243958,-0.01784543364225244,1.3048780487804876,-0.21951219512195053
2019,Golden State Warriors,6.463414634146346,0.056485961534624596,1.8414634146341413,0.7804878048780477
2019,Houston Rockets,4.768292682926841,0.018194983991706937,-3.353658536585364,-1.6829268292682915
2019,Indiana Pacers,3.329268292682926,0.013604623454936848,-0.6341463414634134,-1.97560975609756
2019,LA Clippers,0.8536585365853568,0.01421686490060281,-0.23170731707316605,1.3658536585365848
2019,Los Angeles Lakers,-1.7195121951219505,0.01184899964103836,-0.26829268292682684,1.426829268292682
2019,Memphis Grizzlies,-2.597560975609767,-0.013272022081284973,-2.9024390243902403,-1.2439024390243905
2019,Miami Heat,-0.23170731707317316,0.004939321920024553,2.1585365853658587,0.5975609756097562
2019,Milwaukee Bucks,8.865853658536594,0.04644880112955663,4.4268292682926855,0.5
2019,Minnesota Timberwolves,-1.5,-0.025969072720938624,-0.853658536585371,-1.6463414634146343
2019,New Orleans Pelicans,-1.3292682926829258,-0.00238208113706162,1.5243902439024382,1.2439024390243905
2019,New York Knicks,-9.207317073170728,-0.04338966291412116,-2.792682926829265,0.8170731707317085
2019,Oklahoma City Thunder,3.402439024390233,-0.008421114100503835,2.378048780487802,-2.7682926829268286
2019,Orlando Magic,0.7073170731707279,0.0011566899983083134,0.7682926829268268,0.21951219512195053
2019,Philadelphia 76ers,2.6951219512195195,0.01994522993730663,4.2804878048780495,2.1707317073170724
2019,Phoenix Suns,-9.341463414634148,-0.03061806210303475,-6.792682926829272,-0.07317073170731625
2019,Portland Trail Blazers,4.195121951219505,0.012133204433100175,5.158536585365852,1.4756097560975618
2019,Sacramento Kings,-1.121951219512198,-0.008283143204830812,-2.524390243902438,-2.548780487804878
2019,San Antonio Spurs,1.6829268292682968,0.007685798897015594,0.8170731707317032,-0.0853658536585371
2019,Toronto Raptors,6.08536585365853,0.0367530631488473,0.4268292682926855,-0.9146341463414647
2019,Utah Jazz,5.256097560975604,0.030635412071478574,3.731707317073166,1.2682926829268286
2019,Washington Wizards,-2.902439024390233,-0.016094807994894933,-4.902439024390247,-1.6829268292682933
2020,Atlanta Hawks,-7.97014925373135,-0.02743956760829247,-3.761194029850742,1.1940298507462686
2020,Boston Celtics,6.305555555555543,0.022388693513845648,1.7361111111111072,-1.416666666666666
2020,Brooklyn Nets,-0.5694444444444571,0.009103649656488244,1.9722222222222214,2.5
2020,Charlotte Hornets,-6.753846153846155,-0.04169544938311254,-3.169230769230765,0.21538461538461462
2020,Chicago Bulls,-3.07692307692308,-0.030982818091084385,-3.6615384615384627,-2.799999999999999
2020,Cleveland Cavaliers,-7.892307692307682,-0.037689534799824176,1.369230769230768,3.5230769230769248
2020,Dallas Mavericks,4.9466666666666725,0.019564194784075895,1.5066666666666606,0.7599999999999998
2020,Denver Nuggets,2.1095890410959015,0.0024679566622665128,1.493150684931507,-0.49315068493150704
2020,Detroit Pistons,-3.560606060606048,-0.014000842017120485,-1.8030303030303045,1.287878787878789
2020,Golden State Warriors,-8.707692307692298,-0.056680556482088085,-3.615384615384613,-0.7230769230769223
2020,Houston Rockets,2.9583333333333286,0.0077978911617746505,-3.611111111111107,-1.4722222222222232
2020,Indiana Pacers,1.9589041095890423,0.023454388093899103,-2.4246575342465775,-1.4246575342465757
2020,LA Clippers,6.444444444444457,0.02891938290996754,2.3472222222222214,0.5277777777777768
2020,Los Angeles Lakers,5.788732394366193,0.02598521741341131,3.464788732394368,-0.7464788732394361
2020,Memphis Grizzlies,-1.0684931506849296,0.007492870074505054,1.671232876712331,0.45205479452054753
2020,Miami Heat,2.9452054794520564,0.025484344939104786,1.835616438356162,0.9041095890410951
2020,Milwaukee Bucks,10.082191780821915,0.06305969929232236,5.890410958904113,0.9863013698630141
2020,Minnesota Timberwolves,-4.296875,-0.027924589684602985,-2.53125,-0.171875
2020,New Orleans Pelicans,-1.2916666666666572,0.00783659398847536,1.6666666666666643,1.8888888888888893
2020,New York Knicks,-6.454545454545453,-0.040542359473160317,2.31818181818182,0.5909090909090917
2020,Oklahoma City Thunder,1.9861111111111143,0.013207360508930677,-1.9166666666666714,-0.5277777777777768
2020,Orlando Magic,-1.013698630136986,-0.02843271538315617,-0.36986301369863384,-1.7534246575342465
2020,Philadelphia 76ers,2.3835616438356055,0.008712100426729208,3.6027397260274014,0.3835616438356162
2020,Phoenix Suns,0.2191780821917746,-0.005861571894924311,0.2191780821917817,-0.8493150684931514
2020,Portland Trail Blazers,-1.1486486486486598,0.0034696722397900004,-1.5675675675675649,-0.09459459459459474
2020,Sacramento Kings,-2.041666666666657,-0.007218604550536023,-0.9444444444444429,-0.7083333333333339
2020,San Antonio Spurs,-1.1126760563380316,-0.010583394865135265,-0.6478873239436567,-0.591549295774648
2020,Toronto Raptors,6.236111111111114,0.03467364202703893,-0.6666666666666714,-2.0138888888888875
2020,Utah Jazz,2.4722222222222285,0.03164361117490544,2.2083333333333357,2.7777777777777786
2020,Washington Wizards,-4.666666666666657,-0.03403981261014666,-4.138888888888893,-1.9861111111111125
2021,Atlanta Hawks,2.319444444444443,0.010693479533567474,2.9722222222222214,0.9305555555555554
2021,Boston Celtics,1.4583333333333286,0.0036910596371886317,1.7638888888888857,-0.041666666666666075
2021,Brooklyn Nets,4.5,0.04444484236365287,1.3611111111111143,0.9305555555555554
2021,Charlotte Hornets,-1.9305555555555571,-0.01859811871831396,-1.4166666666666714,0.11111111111111072
2021,Chicago Bulls,-0.8888888888888857,0.009071192407522632,2.81944444444445,2.3888888888888893
2021,Cleveland Cavaliers,-8.444444444444443,-0.047567599313106945,-0.9861111111111143,1.125
2021,Dallas Mavericks,2.2638888888888857,0.015308401513479009,-0.6111111111111072,-0.5416666666666661
2021,Denver Nuggets,4.930555555555557,0.012117312639918665,3.25,-0.5833333333333339
2021,Detroit Pistons,-4.472222222222214,-0.022636692870457442,-1.625,0.9861111111111107
2021,Golden State Warriors,1.0555555555555571,0.029288927926854114,-4.25,-0.041666666666666075
2021,Houston Rockets,-7.9027777777777715,-0.03354651116005147,-4.986111111111114,0.06944444444444287
2021,Indiana Pacers,-0.041666666666671404,0.010997981726684314,-4.111111111111114,-1.2638888888888893
2021,LA Clippers,6.180555555555557,0.03383769723110963,2.9583333333333357,0.3333333333333339
2021,Los Angeles Lakers,2.7916666666666714,0.008282644816925644,2.2083333333333357,0.0
2021,Memphis Grizzlies,1.0277777777777857,-0.008202526136098398,1.7638888888888857,-1.5416666666666679
2021,Miami Heat,0.027777777777771462,0.0029506765845938032,-1.3888888888888857,-0.9861111111111107
2021,Milwaukee Bucks,5.888888888888886,0.029879681172383488,4.680555555555557,0.6666666666666661
2021,Minnesota Timberwolves,-5.555555555555557,-0.03499436218673435,-2.2777777777777786,-1.041666666666666
2021,New Orleans Pelicans,-0.2916666666666572,-0.012642128103855677,5.597222222222221,1.2638888888888893
2021,New York Knicks,2.305555555555543,0.015122182238379356,1.0694444444444429,0.19444444444444464
2021,Oklahoma City Thunder,-10.638888888888886,-0.03809427422795553,-1.5138888888888928,3.0555555555555554
2021,Orlando Magic,-9.305555555555557,-0.057221202018331974,-1.9166666666666714,0.09722222222222321
2021,Philadelphia 76ers,5.583333333333329,0.01920122929404655,2.138888888888893,-1.1388888888888893
2021,Phoenix Suns,5.819444444444443,0.030262314227050613,0.23611111111110716,-1.0972222222222214
2021,Portland Trail Blazers,1.7916666666666714,-0.0055901711306176605,-0.8472222222222214,-1.2916666666666679
2021,Sacramento Kings,-3.680555555555557,-0.00707462213532839,-3.819444444444443,-0.34722222222222143
2021,San Antonio Spurs,-1.7361111111111143,-0.02327831661824964,-3.5416666666666643,-1.7777777777777768
2021,Toronto Raptors,-0.47222222222222854,-0.013777276020970564,-4.277777777777779,-2.9027777777777786
2021,Utah Jazz,9.25,0.05642504341224919,5.638888888888886,2.722222222222223
2021,Washington Wizards,-1.8333333333333428,-0.008350866085534259,-0.8888888888888928,-0.2777777777777768
2022,Atlanta Hawks,1.560975609756099,-3.5665013545349566e-05,0.1219512195121979,-0.9024390243902438
2022,Boston Celtics,7.2804878048780495,0.04050830125607574,2.353658536585364,-0.1829268292682915
2022,Brooklyn Nets,0.7804878048780495,0.019422748198533846,0.2926829268292721,0.7926829268292686
2022,Charlotte Hornets,0.43902439024390105,0.0006331432351317501,-2.3902439024390247,-1.7317073170731714
2022,Chicago Bulls,-0.39024390243902474,-0.0008726810383339334,-0.853658536585364,-0.21951219512195053
2022,Cleveland Cavaliers,2.121951219512198,0.018471200612387273,1.3170731707317032,0.9756097560975601
2022,Dallas Mavericks,3.3048780487804947,0.017363661921346307,-0.6219512195121979,-0.5853658536585371
2022,Denver Nuggets,2.3048780487804805,0.018956166553177667,1.7317073170731732,1.6829268292682933
2022,Detroit Pistons,-7.7195121951219505,-0.04680826173794156,-3.268292682926834,-0.4146341463414629
2022,Golden State Warriors,5.536585365853654,0.043399733832212295,2.8414634146341413,0.39024390243902474
2022,Houston Rockets,-8.475609756097555,-0.02007085826914201,-3.6585365853658516,2.3902439024390247
2022,Indiana Pacers,-3.4756097560975547,-0.020587203789905972,0.7439024390243887,1.1707317073170742
2022,LA Clippers,0.024390243902445263,0.016783499405487734,-3.146341463414636,0.1707317073170742
2022,Los Angeles Lakers,-3.0487804878048763,-0.003966915622941047,-2.6097560975609753,0.47560975609756007
2022,Memphis Grizzlies,5.682926829268297,-0.00018607913198986914,6.158536585365852,-1.8658536585365848
2022,Miami Heat,4.451219512195124,0.022974534141912528,2.0487804878048763,-0.41463414634146467
2022,Milwaukee Bucks,3.353658536585357,0.009742702640341938,2.5975609756097597,0.3658536585365848
2022,Minnesota Timberwolves,2.6341463414634063,0.0033933801117669304,-1.7195121951219505,-1.9999999999999982
2022,New Orleans Pelicans,-0.9878048780487774,-0.029875012505751752,3.439024390243908,-0.1341463414634152
2022,New York Knicks,-0.1219512195121979,-0.009392055153001344,2.4878048780487845,0.5853658536585371
2022,Oklahoma City Thunder,-8.097560975609753,-0.03561818152707036,-2.7439024390243887,0.7195121951219505
2022,Orlando Magic,-8.0,-0.030286809470121856,-2.8658536585365866,1.3292682926829276
2022,Philadelphia 76ers,2.6097560975609753,0.011217926667805078,-1.853658536585364,-0.7317073170731714
2022,Phoenix Suns,7.5,0.039021986480460624,0.8292682926829258,-1.7804878048780477
2022,Portland Trail Blazers,-8.878048780487802,-0.04383746605557526,-1.8658536585365866,0.4512195121951237
2022,Sacramento Kings,-5.463414634146332,-0.02663676717350072,-2.878048780487809,0.6097560975609753
2022,San Antonio Spurs,0.1219512195121979,-0.005287824636399652,-1.4512195121951166,-1.073170731707318
2022,Toronto Raptors,2.292682926829272,-0.025006563980971896,1.292682926829265,-3.3780487804878057
2022,Utah Jazz,6.036585365853654,0.033771183057014986,4.7804878048780495,2.024390243902438
2022,Washington Wizards,-3.378048780487802,0.0028081769925375477,-1.1097560975609753,1.2804878048780495
2023,Atlanta Hawks,0.2926829268292579,-0.01023036759438356,0.26829268292682684,-1.2439024390243887
2023,Boston Celtics,6.524390243902431,0.03803439326200919,1.3170731707317032,0.6707317073170724
2023,Brooklyn Nets,0.853658536585371,0.03361518990140189,-4.621951219512191,0.012195121951219079
2023,Charlotte Hornets,-6.243902439024382,-0.028046347997385146,-1.646341463414629,-0.15853658536585336
2023,Chicago Bulls,1.292682926829272,0.006497300350193025,-0.9878048780487845,-1.6707317073170724
2023,Cleveland Cavaliers,5.378048780487802,0.02123530407115337,-0.14634146341463605,-2.3170731707317067
2023,Dallas Mavericks,0.07317073170732158,0.015702931239340412,-5.939024390243908,-0.8902439024390247
2023,Denver Nuggets,3.329268292682926,0.029894548990106684,2.182926829268297,1.0609756097560972
2023,Detroit Pistons,-8.21951219512195,-0.037981688511672274,-2.292682926829272,1.573170731707318
2023,Golden State Warriors,1.8048780487804805,0.030532665800231062,1.2682926829268268,2.0
2023,Houston Rockets,-7.853658536585357,-0.049744782284871336,4.768292682926827,3.0853658536585353
2023,Indiana Pacers,-3.182926829268297,-0.010216796366348535,-3.7439024390243887,-0.13414634146341342
2023,LA Clippers,0.5,0.009938592837662075,0.09756097560975974,1.2439024390243905
2023,Los Angeles Lakers,0.5731707317073216,0.006674458323205457,0.853658536585371,1.451219512195122
2023,Memphis Grizzlies,3.9390243902439153,0.012809609456395421,2.231707317073173,-1.512195121951219
2023,Miami Heat,-0.31707317073171737,-0.031330979121340974,-1.2439024390243958,-2.2195121951219505
2023,Milwaukee Bucks,3.6341463414634063,0.03431406844976992,4.451219512195124,2.7926829268292668
2023,Minnesota Timberwolves,-0.036585365853653684,0.020251331420294894,-2.768292682926827,-0.04878048780487809
2023,New Orleans Pelicans,1.8902439024390247,0.0002178964924052229,1.914634146341463,-0.39024390243902474
2023,New York Knicks,2.9268292682926926,0.004510234119221912,4.560975609756092,0.25609756097560954
2023,Oklahoma City Thunder,1.08536585365853,-0.01586357712985531,-2.975609756097562,-3.7317073170731714
2023,Orlando Magic,-2.5609756097560847,-0.01644954472738147,1.1951219512195124,0.39024390243902296
2023,Philadelphia 76ers,4.317073170731703,0.020835206981998144,-0.23170731707316605,-0.609756097560977
2023,Phoenix Suns,2.0731707317073074,0.0027972654708043887,1.3658536585365866,-0.8902439024390247
2023,Portland Trail Blazers,-4.012195121951223,-0.01353946232892378,-2.6585365853658587,0.9390243902439028
2023,Sacramento Kings,2.646341463414629,0.009078811557246103,0.2560975609756113,-0.7073170731707314
2023,San Antonio Spurs,-10.036585365853668,-0.05131595613064377,-1.2682926829268268,1.4390243902439028
2023,Toronto Raptors,1.475609756097569,-0.047935790195394845,0.7560975609756113,-5.012195121951221
2023,Utah Jazz,-0.939024390243901,0.005686639725905884,2.4268292682926784,2.7926829268292686
2023,Washington Wizards,-1.207317073170728,0.010028843938855614,0.6097560975609753,1.8292682926829258
2024,Atlanta Hawks,-2.182926829268297,-0.032448186018609326,0.4268292682926855,-0.5853658536585353
2024,Boston Celtics,11.341463414634148,0.054893776194934074,3.0121951219512155,-0.08536585365853533
2024,Brooklyn Nets,-2.8902439024390247,-0.013067660419410543,-0.21951219512195053,0.5
2024,Charlotte Hornets,-10.243902439024396,-0.042866141801395696,-5.085365853658537,0.14634146341463428
2024,Chicago Bulls,-1.439024390243901,-0.021562001350657778,0.4268292682926855,-1.7439024390243905
2024,Cleveland Cavaliers,2.41463414634147,0.02011326609843822,0.6097560975609753,-0.03658536585365901
2024,Dallas Mavericks,2.207317073170742,0.01435182721309236,-2.1341463414634134,-1.2195121951219523
2024,Denver Nuggets,5.256097560975618,0.03582483067518505,2.1585365853658516,0.2682926829268304
2024,Detroit Pistons,-9.109756097560975,-0.03168284603897198,0.2073170731707279,2.7926829268292668
2024,Golden State Warriors,2.6097560975609753,0.01888888822360313,3.792682926829272,1.3048780487804876
2024,Houston Rockets,1.121951219512198,-0.003945317997892772,0.560975609756099,-1.0609756097560972
2024,Indiana Pacers,3.0487804878048763,0.023239244718509022,-1.8292682926829258,-1.0121951219512209
2024,LA Clippers,3.2804878048780495,0.02081075363506879,0.7682926829268268,0.10975609756097526
2024,Los Angeles Lakers,0.5975609756097526,0.015934893721832433,-0.939024390243901,0.560975609756099
2024,Memphis Grizzlies,-7.0,-0.04317977272693707,-3.0121951219512226,-0.03658536585365901
2024,Miami Heat,1.7560975609756042,-0.006132776716265886,-0.47560975609756184,-1.073170731707318
2024,Milwaukee Bucks,2.6219512195121837,0.028785142556356003,0.1707317073170742,0.8902439024390247
2024,Minnesota Timberwolves,6.4512195121951095,0.04424432549678037,2.182926829268297,-0.04878048780487809
2024,New Orleans Pelicans,4.41463414634147,0.01656580577618827,1.646341463414629,-1.2317073170731714
2024,New York Knicks,4.585365853658544,-0.003591281998988838,4.548780487804876,0.03658536585365901
2024,Oklahoma City Thunder,7.414634146341456,0.04333051018279477,-2.6341463414634134,-3.02439024390244
2024,Orlando Magic,2.0243902439024453,-0.0010911364441079652,2.4512195121951237,-0.34146341463414664
2024,Philadelphia 76ers,3.0487804878048763,-0.004594566430711655,-1.5,-2.6463414634146343
2024,Phoenix Suns,3.060975609756099,0.029571009174590213,2.756097560975604,2.170731707317074
2024,Portland Trail Blazers,-9.024390243902445,-0.055273785817776644,-1.085365853658537,0.9268292682926838
2024,Sacramento Kings,1.7439024390243958,-0.0003799197377367669,1.4634146341463392,-0.7439024390243905
2024,San Antonio Spurs,-6.487804878048777,-0.023449108990103773,-1.0975609756097526,1.7560975609756095
2024,Toronto Raptors,-6.439024390243901,-0.030186388690704224,-2.5121951219512226,0.12195121951219612
2024,Utah Jazz,-4.890243902439025,-0.028653001181131232,3.207317073170735,3.365853658536585
2024,Washington Wizards,-9.292682926829258,-0.024450381305970548,-7.865853658536587,-0.06097560975609717
2025,Atlanta Hawks,-1.1341463414634063,-0.013753928014432426,0.8414634146341484,-0.5121951219512191
2025,Boston Celtics,9.109756097560975,0.038482965911706524,1.6341463414634205,-0.9146341463414647
2025,Brooklyn Nets,-7.109756097560975,-0.04051735204759277,-2.3902439024390247,0.1951219512195106
2025,Charlotte Hornets,-9.109756097560975,-0.04431830933595171,-0.048780487804876316,2.2195121951219505
2025,Chicago Bulls,-1.5609756097560847,0.014041643572933249,-0.207317073170735,2.0853658536585353
2025,Cleveland Cavaliers,9.536585365853654,0.04966872653690535,1.853658536585371,-1.3048780487804876
2025,Dallas Mavericks,-1.1951219512195195,0.010256110084823966,-2.2560975609756113,0.7926829268292686
2025,Denver Nuggets,3.8902439024390247,0.032344699744189076,3.292682926829265,1.3048780487804876
2025,Detroit Pistons,1.9024390243902474,0.007592687921505914,2.3048780487804876,-0.19512195121951237
2025,Golden State Warriors,3.3048780487804947,-0.006232613232310946,1.3170731707317032,-1.6951219512195124
2025,Houston Rockets,4.512195121951223,-0.007241614008798747,6.317073170731703,-0.43902439024390283
2025,Indiana Pacers,2.231707317073159,0.014519530004514225,-3.207317073170735,-1.8048780487804876
2025,LA Clippers,4.658536585365852,0.017963997233759854,2.292682926829265,-0.15853658536585336
2025,Los Angeles Lakers,1.2195121951219505,0.017541406143496086,-0.5975609756097526,0.29268292682926855
2025,Memphis Grizzlies,4.853658536585357,0.019314705786169895,3.7195121951219505,0.5243902439024382
2025,Miami Heat,0.560975609756099,0.0010252551924372355,-1.2804878048780495,-0.2317073170731696
2025,Milwaukee Bucks,2.475609756097569,0.03710647000641498,-1.9024390243902403,0.5121951219512209
2025,Minnesota Timberwolves,5.0,0.02353232612748324,1.4268292682926855,-0.23170731707317138
2025,New Orleans Pelicans,-9.426829268292678,-0.04586390649548466,-2.121951219512198,0.6463414634146343
2025,New York Knicks,4.097560975609753,0.007411439643892126,0.8048780487804876,-1.2317073170731714
2025,Oklahoma City Thunder,12.86585365853658,0.04511181567225542,-0.0853658536585371,-5.304878048780488
2025,Orlando Magic,-0.1219512195121979,-0.027739716704947237,-0.2804878048780495,-2.0
2025,Philadelphia 76ers,-6.231707317073173,-0.0432233480462515,-5.731707317073173,-2.3658536585365866
2025,Phoenix Suns,-3.0,0.007221868962936084,-1.6951219512195124,1.8536585365853657
2025,Portland Trail Blazers,-2.9756097560975547,-0.020420715420062963,0.5243902439024382,0.463414634146341
2025,Sacramento Kings,0.47560975609756895,-0.008276175973586986,1.853658536585364,-0.5853658536585371
2025,San Antonio Spurs,-2.7560975609756184,-0.00730720294589049,-2.5,0.20731707317073322
2025,Toronto Raptors,-4.292682926829272,-0.01626582968037016,0.1219512195121979,0.23170731707317138
2025,Utah Jazz,-9.341463414634148,-0.025675860237099668,1.1829268292682897,5.414634146341463
2025,Washington Wizards,-12.439024390243901,-0.03629907640264296,-5.18292682926829,2.2317073170731696
2026,Atlanta Hawks,2.41463414634147,0.008387627666813224,-1.707317073170728,-1.8902439024390265
2026,Boston Celtics,7.6951219512195195,0.03001651025703067,5.158536585365852,-0.04878048780487809
2026,Brooklyn Nets,-9.987804878048792,-0.05249236417309955,-4.243902439024389,1.2560975609756095
2026,Charlotte Hornets,4.829268292682926,0.013731249482923924,6.792682926829265,2.7195121951219505
2026,Chicago Bulls,-5.207317073170728,-0.00653268477047142,-0.6707317073170742,2.3658536585365866
2026,Cleveland Cavaliers,4.109756097560975,0.018297390156332805,1.268292682926834,-1.048780487804878
2026,Dallas Mavericks,-5.512195121951223,-0.02073411050473517,-2.060975609756092,1.1829268292682933
2026,Denver Nuggets,5.146341463414643,0.03462722017396891,1.146341463414636,1.1097560975609753
2026,Detroit Pistons,8.158536585365852,0.032106875463060236,5.024390243902438,-1.7560975609756095
2026,Golden State Warriors,-0.560975609756099,-0.003953478962224755,-1.9024390243902403,-0.24390243902439046
2026,Houston Rockets,5.2195121951219505,0.012730163205357359,8.646341463414636,1.9390243902439028
2026,Indiana Pacers,-7.987804878048792,-0.022680802093801078,-4.7195121951219505,1.0243902439024382
2026,LA Clippers,1.1341463414634063,0.01395496290460252,-1.7804878048780495,0.024390243902439934
2026,Los Angeles Lakers,1.7560975609756184,0.01686058992999384,0.012195121951215526,-0.12195121951219434
2026,Memphis Grizzlies,-6.012195121951223,-0.02799749970260279,-4.658536585365852,-0.43902439024390283
2026,Miami Heat,2.329268292682926,0.0006732564691360743,-0.10975609756097526,-1.3780487804878057
2026,Milwaukee Bucks,-6.207317073170728,0.006951585938823834,-3.7195121951219505,2.1463414634146343
2026,Minnesota Timberwolves,3.353658536585371,0.028773173212089498,0.3414634146341484,-0.21951219512195053
2026,New Orleans Pelicans,-4.5,-0.028135813555797307,-1.914634146341463,-0.29268292682926855
2026,New York Knicks,6.329268292682926,0.016120509896078272,5.0731707317073145,-0.7439024390243905
2026,Oklahoma City Thunder,11.146341463414643,0.04291863753847469,-1.0609756097560918,-4.158536585365853
2026,Orlando Magic,0.6341463414634205,-0.015408051486466179,0.06097560975609184,-0.7195121951219523
2026,Philadelphia 76ers,-0.18292682926829684,-0.011772860525323892,-1.646341463414629,-1.8048780487804894
2026,Phoenix Suns,1.463414634146332,-0.004569935561752558,-0.560975609756099,-1.7682926829268304
2026,Portland Trail Blazers,-0.2926829268292721,-0.006837824833354822,3.0365853658536537,1.6707317073170742
2026,Sacramento Kings,-10.0,-0.046909150343628636,-1.6707317073170742,0.34146341463414664
2026,San Antonio Spurs,8.30487804878048,0.03634292930096994,4.451219512195124,0.47560975609756007
2026,Toronto Raptors,2.829268292682926,0.0060544961435152755,-0.7926829268292721,-2.4024390243902456
2026,Utah Jazz,-8.426829268292693,-0.04129584995026703,-1.9024390243902403,0.9146341463414629
2026,Washington Wizards,-11.975609756097555,-0.02922675127564578,-5.890243902439018,1.8658536585365848
